customer_id,customer_name,gender,age,city,join_date
1,Olivia Miller,Female,29,Chennai,2025-10-01 19:32:05.206865
2,Olivia Miller,Male,21,Pune,2025-04-28 19:32:05.206905
3,Noah Martinez,Female,54,Lucknow,2024-02-03 19:32:05.206913
4,John Taylor,Male,28,Surat,2024-05-29 19:32:05.206917
5,John Davis,Male,31,Surat,2024-02-14 19:32:05.206922
6,Ethan Taylor,Female,31,Kolkata,2024-12-16 19:32:05.206926
7,Emma Brown,Male,42,Lucknow,2024-12-11 19:32:05.206930
8,Noah Williams,Female,29,Pune,2025-12-10 19:32:05.206934
9,Ava Jones,Male,25,Delhi,2024-03-24 19:32:05.206938
10,Ava Martinez,Male,32,Pune,2023-10-25 19:32:05.206942
11,Olivia Brown,Female,41,Delhi,2024-01-04 19:32:05.206946
12,Ava Jones,Male,19,Bangalore,2025-06-02 19:32:05.206950
13,Isabella Smith,Female,47,Pune,2025-12-20 19:32:05.206954
14,Ava Taylor,Female,21,Jaipur,2024-01-07 19:32:05.206958
15,Sophia Brown,Male,40,Hyderabad,2023-12-06 19:32:05.206961
16,John Taylor,Male,40,Surat,2024-10-22 19:32:05.206965
17,Ethan Jones,Male,46,Bangalore,2023-07-15 19:32:05.206968
18,Liam Martinez,Male,58,Chennai,2023-12-31 19:32:05.206972
19,Mason Davis,Female,25,Mumbai,2024-01-08 19:32:05.206976
20,Olivia Brown,Female,18,Delhi,2025-11-08 19:32:05.206980
21,Ethan Johnson,Female,41,Delhi,2024-12-18 19:32:05.206984
22,Isabella Taylor,Male,31,Jaipur,2026-01-21 19:32:05.206988
23,Mason Smith,Male,42,Bangalore,2024-06-22 19:32:05.206992
24,Ava Garcia,Female,28,Pune,2024-09-25 19:32:05.206996
25,Olivia Taylor,Female,36,Kolkata,2025-08-06 19:32:05.207000
26,Liam Jones,Male,21,Chennai,2023-12-16 19:32:05.207004
27,Mason Martinez,Male,44,Lucknow,2024-02-26 19:32:05.207009
28,Emma Miller,Female,44,Hyderabad,2024-04-18 19:32:05.207012
29,Olivia Taylor,Male,36,Pune,2024-03-23 19:32:05.207016
30,Olivia Taylor,Female,41,Pune,2025-11-17 19:32:05.207020
31,Ethan Williams,Female,46,Chennai,2024-01-23 19:32:05.207024
32,Noah Davis,Female,53,Lucknow,2024-06-06 19:32:05.207028
33,John Williams,Female,19,Mumbai,2024-12-02 19:32:05.207032
34,Sophia Miller,Female,38,Lucknow,2025-10-02 19:32:05.207037
35,Ava Jones,Male,37,Lucknow,2024-01-11 19:32:05.207041
36,John Miller,Male,48,Chennai,2026-01-18 19:32:05.207045
37,Liam Williams,Male,36,Hyderabad,2024-07-24 19:32:05.207095
38,Emma Miller,Female,18,Lucknow,2023-10-04 19:32:05.207115
39,Olivia Brown,Male,59,Delhi,2023-08-18 19:32:05.207120
40,Ethan Brown,Male,45,Mumbai,2025-06-28 19:32:05.207124
41,Emma Brown,Female,56,Kolkata,2024-01-25 19:32:05.207128
42,Emma Davis,Female,26,Mumbai,2024-05-08 19:32:05.207132
43,Isabella Williams,Male,47,Surat,2025-10-06 19:32:05.207135
44,Ethan Smith,Male,38,Jaipur,2025-08-02 19:32:05.207139
45,Isabella Smith,Male,39,Surat,2024-07-07 19:32:05.207143
46,Liam Brown,Male,58,Lucknow,2025-10-03 19:32:05.207146
47,Ethan Martinez,Male,24,Surat,2025-06-28 19:32:05.207150
48,Sophia Martinez,Male,60,Mumbai,2024-01-14 19:32:05.207153
49,Sophia Taylor,Female,30,Hyderabad,2025-07-30 19:32:05.207156
50,John Jones,Female,50,Chennai,2024-02-12 19:32:05.207160
51,Emma Jones,Male,38,Chennai,2024-02-26 19:32:05.207163
52,Ava Taylor,Female,41,Mumbai,2025-01-19 19:32:05.207166
53,Ava Martinez,Female,29,Delhi,2023-10-23 19:32:05.207170
54,Mason Jones,Female,30,Mumbai,2024-07-01 19:32:05.207174
55,Isabella Martinez,Female,51,Hyderabad,2024-04-04 19:32:05.207177
56,Emma Davis,Female,57,Delhi,2025-10-13 19:32:05.207181
57,Liam Smith,Male,60,Delhi,2024-08-20 19:32:05.207184
58,Noah Garcia,Female,32,Mumbai,2023-10-07 19:32:05.207188
59,Liam Martinez,Female,25,Pune,2023-09-01 19:32:05.207192
60,Ethan Smith,Female,31,Delhi,2025-05-26 19:32:05.207196
61,Ethan Johnson,Male,19,Lucknow,2023-06-24 19:32:05.207200
62,Emma Jones,Female,54,Jaipur,2025-08-17 19:32:05.207203
63,Noah Taylor,Male,36,Kolkata,2023-10-26 19:32:05.207207
64,Emma Miller,Female,24,Kolkata,2023-08-23 19:32:05.207211
65,Liam Jones,Male,37,Bangalore,2024-09-27 19:32:05.207214
66,Ava Martinez,Female,41,Hyderabad,2024-06-23 19:32:05.207221
67,John Taylor,Female,29,Surat,2024-03-11 19:32:05.207224
68,Ava Miller,Female,38,Mumbai,2023-10-04 19:32:05.207227
69,Olivia Brown,Female,57,Lucknow,2023-11-20 19:32:05.207231
70,Sophia Brown,Female,44,Delhi,2024-06-16 19:32:05.207235
71,Mason Brown,Female,59,Mumbai,2024-06-16 19:32:05.207238
72,Olivia Smith,Male,31,Kolkata,2025-12-31 19:32:05.207241
73,Mason Brown,Male,45,Surat,2024-05-28 19:32:05.207245
74,Isabella Taylor,Female,44,Lucknow,2025-08-07 19:32:05.207305
75,John Williams,Female,33,Jaipur,2024-02-29 19:32:05.207310
76,Liam Garcia,Female,18,Chennai,2024-01-11 19:32:05.207314
77,Sophia Garcia,Male,34,Jaipur,2024-11-19 19:32:05.207318
78,Isabella Martinez,Female,43,Delhi,2024-07-31 19:32:05.207326
79,Ethan Miller,Female,27,Kolkata,2024-07-24 19:32:05.207330
80,Olivia Davis,Male,48,Mumbai,2023-11-28 19:32:05.207334
81,Ava Smith,Female,20,Pune,2024-09-11 19:32:05.207337
82,Ava Davis,Female,31,Jaipur,2024-12-23 19:32:05.207341
83,Mason Davis,Female,21,Mumbai,2024-09-09 19:32:05.207345
84,Isabella Brown,Male,32,Jaipur,2023-12-31 19:32:05.207349
85,Liam Davis,Female,36,Bangalore,2025-05-30 19:32:05.207352
86,Noah Smith,Female,23,Mumbai,2026-01-05 19:32:05.207356
87,Emma Williams,Male,56,Mumbai,2023-07-29 19:32:05.207360
88,Ava Davis,Male,39,Lucknow,2024-04-26 19:32:05.207364
89,Ethan Davis,Female,60,Pune,2025-06-23 19:32:05.207368
90,Liam Martinez,Female,26,Delhi,2025-05-06 19:32:05.207372
91,Isabella Smith,Female,54,Jaipur,2024-01-25 19:32:05.207376
92,Noah Williams,Female,31,Bangalore,2024-06-27 19:32:05.207379
93,Ethan Smith,Male,48,Bangalore,2023-09-28 19:32:05.207384
94,Liam Taylor,Male,44,Surat,2025-08-29 19:32:05.207388
95,Olivia Garcia,Female,24,Kolkata,2025-11-15 19:32:05.207393
96,Emma Miller,Male,40,Delhi,2023-11-07 19:32:05.207397
97,Liam Johnson,Female,40,Hyderabad,2023-11-29 19:32:05.207401
98,Sophia Johnson,Male,27,Lucknow,2024-02-28 19:32:05.207404
99,Isabella Miller,Male,36,Chennai,2024-09-18 19:32:05.207408
100,Mason Williams,Male,19,Jaipur,2024-06-24 19:32:05.207411
101,John Miller,Female,41,Surat,2023-08-28 19:32:05.207415
102,Liam Williams,Male,22,Delhi,2024-07-25 19:32:05.207418
103,Mason Jones,Male,39,Chennai,2025-11-06 19:32:05.207422
104,Ethan Brown,Female,30,Mumbai,2025-08-02 19:32:05.207426
105,Mason Garcia,Male,28,Kolkata,2023-09-24 19:32:05.207429
106,Sophia Brown,Female,37,Pune,2024-12-17 19:32:05.207433
107,Ava Williams,Male,52,Surat,2025-03-25 19:32:05.207437
108,Ava Garcia,Male,49,Surat,2025-11-26 19:32:05.207440
109,Mason Taylor,Male,18,Chennai,2023-10-02 19:32:05.207444
110,Olivia Brown,Male,26,Bangalore,2025-06-03 19:32:05.207448
111,Isabella Brown,Female,23,Delhi,2023-11-17 19:32:05.207452
112,Ethan Williams,Female,55,Mumbai,2025-02-18 19:32:05.207455
113,Mason Garcia,Female,51,Kolkata,2024-01-13 19:32:05.207459
114,Olivia Taylor,Female,27,Bangalore,2023-07-23 19:32:05.207464
115,John Miller,Female,35,Bangalore,2023-07-20 19:32:05.207467
116,Noah Smith,Male,33,Bangalore,2024-04-24 19:32:05.207471
117,Ava Smith,Female,51,Surat,2025-11-25 19:32:05.207475
118,Emma Taylor,Female,45,Pune,2024-11-09 19:32:05.207479
119,John Davis,Male,53,Mumbai,2024-09-09 19:32:05.207483
120,Ava Smith,Male,36,Delhi,2024-11-08 19:32:05.207486
121,Ava Taylor,Male,47,Pune,2024-01-08 19:32:05.207491
122,John Brown,Male,37,Mumbai,2024-04-11 19:32:05.207495
123,Sophia Jones,Male,35,Mumbai,2024-04-23 19:32:05.207499
124,Liam Smith,Male,38,Delhi,2025-03-25 19:32:05.207502
125,Ethan Smith,Male,35,Jaipur,2023-11-28 19:32:05.207506
126,Ava Johnson,Male,22,Bangalore,2025-06-06 19:32:05.207511
127,Sophia Brown,Female,45,Chennai,2023-06-23 19:32:05.207515
128,Emma Williams,Female,20,Bangalore,2024-12-27 19:32:05.207519
129,John Smith,Female,40,Mumbai,2024-02-16 19:32:05.207523
130,Emma Martinez,Male,22,Surat,2025-11-03 19:32:05.207528
131,Sophia Johnson,Male,19,Kolkata,2025-10-01 19:32:05.207533
132,John Brown,Male,58,Pune,2025-03-28 19:32:05.207536
133,John Jones,Male,52,Bangalore,2025-04-18 19:32:05.207541
134,Mason Miller,Female,20,Delhi,2025-11-09 19:32:05.207544
135,Noah Jones,Male,38,Mumbai,2025-11-30 19:32:05.207548
136,Noah Garcia,Male,43,Jaipur,2023-08-26 19:32:05.207552
137,Isabella Davis,Male,44,Bangalore,2024-09-19 19:32:05.207556
138,Isabella Martinez,Female,37,Hyderabad,2025-03-24 19:32:05.207560
139,Isabella Davis,Male,26,Delhi,2023-07-16 19:32:05.207564
140,Noah Smith,Male,31,Pune,2024-09-06 19:32:05.207568
141,Ethan Miller,Male,26,Kolkata,2023-07-15 19:32:05.207572
142,Liam Miller,Female,27,Chennai,2025-05-25 19:32:05.207576
143,John Miller,Female,58,Lucknow,2025-03-17 19:32:05.207579
144,Olivia Brown,Male,28,Bangalore,2025-07-22 19:32:05.207583
145,Sophia Smith,Male,34,Jaipur,2024-02-17 19:32:05.207588
146,Noah Taylor,Female,21,Bangalore,2025-05-14 19:32:05.207592
147,Liam Smith,Male,37,Bangalore,2026-01-27 19:32:05.207596
148,Ava Smith,Female,25,Kolkata,2025-08-26 19:32:05.207600
149,Ethan Miller,Male,38,Delhi,2023-06-29 19:32:05.207604
150,Emma Johnson,Female,22,Hyderabad,2025-05-20 19:32:05.207609
151,Isabella Miller,Female,52,Surat,2025-08-16 19:32:05.207613
152,Isabella Taylor,Male,19,Kolkata,2024-12-09 19:32:05.207618
153,Ethan Taylor,Female,56,Mumbai,2023-09-10 19:32:05.207622
154,John Garcia,Female,51,Jaipur,2025-09-08 19:32:05.207626
155,Emma Davis,Male,60,Chennai,2025-10-28 19:32:05.207630
156,Noah Davis,Male,49,Lucknow,2024-10-21 19:32:05.207634
157,Mason Garcia,Male,45,Delhi,2024-10-04 19:32:05.207639
158,Olivia Davis,Female,36,Delhi,2024-08-09 19:32:05.207643
159,John Jones,Female,21,Lucknow,2026-01-14 19:32:05.207647
160,Isabella Brown,Male,43,Surat,2025-07-29 19:32:05.207651
161,Ethan Martinez,Female,40,Kolkata,2024-06-06 19:32:05.207655
162,Noah Williams,Male,42,Chennai,2025-10-13 19:32:05.207659
163,Noah Martinez,Male,26,Chennai,2024-10-20 19:32:05.207662
164,Noah Johnson,Female,30,Kolkata,2024-09-10 19:32:05.207667
165,John Miller,Female,33,Delhi,2025-03-11 19:32:05.207670
166,Isabella Smith,Female,33,Hyderabad,2024-12-14 19:32:05.207674
167,Ava Miller,Male,59,Chennai,2025-03-06 19:32:05.207678
168,John Miller,Male,41,Chennai,2023-08-10 19:32:05.207682
169,Sophia Taylor,Female,37,Surat,2024-08-29 19:32:05.207687
170,Noah Davis,Male,52,Hyderabad,2024-10-23 19:32:05.207690
171,Liam Jones,Female,19,Hyderabad,2025-07-04 19:32:05.207694
172,Mason Taylor,Male,34,Delhi,2024-04-22 19:32:05.207699
173,Ethan Johnson,Female,45,Lucknow,2025-12-28 19:32:05.207703
174,Noah Smith,Male,42,Chennai,2024-12-03 19:32:05.207708
175,Liam Jones,Male,49,Delhi,2025-03-03 19:32:05.207712
176,Olivia Miller,Male,19,Hyderabad,2024-02-01 19:32:05.207716
177,Ava Taylor,Female,38,Pune,2023-08-07 19:32:05.207720
178,Liam Jones,Male,33,Mumbai,2023-09-18 19:32:05.207724
179,Ethan Davis,Female,36,Pune,2023-11-11 19:32:05.207729
180,Isabella Williams,Female,22,Pune,2023-11-25 19:32:05.207733
181,Mason Garcia,Male,32,Lucknow,2023-11-07 19:32:05.207738
182,Ava Davis,Female,31,Jaipur,2024-11-26 19:32:05.207742
183,Noah Johnson,Male,43,Hyderabad,2025-09-24 19:32:05.207746
184,Olivia Jones,Female,47,Mumbai,2025-07-18 19:32:05.207750
185,Olivia Smith,Male,48,Jaipur,2026-01-30 19:32:05.207754
186,Isabella Williams,Female,48,Delhi,2025-02-09 19:32:05.207758
187,Liam Taylor,Female,20,Jaipur,2025-04-17 19:32:05.207762
188,Isabella Williams,Female,56,Surat,2024-03-29 19:32:05.207767
189,Mason Jones,Male,41,Pune,2025-06-30 19:32:05.207771
190,Mason Williams,Male,18,Bangalore,2024-09-16 19:32:05.207775
191,John Davis,Male,45,Chennai,2024-09-06 19:32:05.207779
192,Ava Davis,Male,42,Pune,2025-12-05 19:32:05.207783
193,Isabella Jones,Female,41,Delhi,2023-07-04 19:32:05.207788
194,Isabella Brown,Female,60,Delhi,2024-11-14 19:32:05.207791
195,John Brown,Female,41,Kolkata,2025-04-01 19:32:05.207795
196,Ethan Johnson,Female,54,Pune,2026-01-03 19:32:05.207800
197,Liam Smith,Female,41,Delhi,2024-10-25 19:32:05.207803
198,Liam Garcia,Female,55,Bangalore,2024-11-20 19:32:05.207807
199,Isabella Jones,Male,45,Hyderabad,2024-11-20 19:32:05.207811
200,Noah Brown,Male,34,Hyderabad,2024-12-11 19:32:05.207814
201,Liam Davis,Female,49,Jaipur,2025-07-21 19:32:05.207819
202,Noah Miller,Female,39,Surat,2025-10-19 19:32:05.207824
203,John Martinez,Female,50,Pune,2024-11-21 19:32:05.207828
204,Emma Smith,Male,25,Kolkata,2024-05-13 19:32:05.207833
205,Noah Smith,Female,58,Pune,2025-06-21 19:32:05.207838
206,John Garcia,Male,51,Kolkata,2024-07-22 19:32:05.207842
207,John Taylor,Female,42,Delhi,2025-10-06 19:32:05.207846
208,Isabella Martinez,Female,54,Jaipur,2026-01-31 19:32:05.207850
209,Olivia Taylor,Male,56,Delhi,2023-12-22 19:32:05.207854
210,Ava Garcia,Female,57,Hyderabad,2025-04-28 19:32:05.207858
211,Ethan Taylor,Female,35,Surat,2023-10-21 19:32:05.207863
212,Emma Smith,Female,21,Hyderabad,2024-10-05 19:32:05.207867
213,Ethan Martinez,Female,38,Hyderabad,2024-06-09 19:32:05.207870
214,Liam Brown,Male,30,Chennai,2024-01-18 19:32:05.207875
215,Liam Smith,Female,18,Delhi,2024-11-11 19:32:05.207879
216,Ava Garcia,Female,57,Kolkata,2025-05-03 19:32:05.207884
217,Emma Miller,Female,19,Pune,2023-08-09 19:32:05.207888
218,Liam Brown,Female,33,Pune,2024-05-18 19:32:05.207892
219,Ethan Brown,Female,59,Mumbai,2025-02-25 19:32:05.207896
220,Ava Smith,Male,34,Lucknow,2025-07-18 19:32:05.207900
221,Mason Jones,Male,37,Kolkata,2025-05-07 19:32:05.207905
222,Ethan Jones,Female,46,Delhi,2024-07-05 19:32:05.207909
223,Isabella Johnson,Male,28,Bangalore,2024-10-08 19:32:05.207913
224,Noah Davis,Male,40,Hyderabad,2025-01-25 19:32:05.207917
225,Mason Martinez,Male,30,Hyderabad,2025-11-20 19:32:05.207922
226,Sophia Miller,Male,35,Jaipur,2024-07-06 19:32:05.207926
227,Isabella Miller,Female,43,Kolkata,2023-08-29 19:32:05.207931
228,John Brown,Female,35,Jaipur,2025-09-19 19:32:05.207935
229,Olivia Johnson,Female,26,Delhi,2024-01-24 19:32:05.207940
230,Emma Brown,Male,39,Chennai,2024-12-22 19:32:05.207944
231,Olivia Martinez,Male,36,Chennai,2024-05-25 19:32:05.207948
232,Olivia Williams,Male,32,Kolkata,2025-01-22 19:32:05.207952
233,Isabella Taylor,Female,42,Delhi,2025-09-10 19:32:05.207957
234,Sophia Taylor,Male,47,Delhi,2024-03-12 19:32:05.207962
235,Sophia Garcia,Male,18,Chennai,2025-06-01 19:32:05.207966
236,Isabella Williams,Male,53,Delhi,2023-06-29 19:32:05.207970
237,John Jones,Male,57,Hyderabad,2023-08-20 19:32:05.207974
238,Ava Johnson,Female,19,Bangalore,2024-07-27 19:32:05.207978
239,Olivia Miller,Male,36,Hyderabad,2025-01-28 19:32:05.207983
240,Liam Smith,Female,56,Jaipur,2025-10-20 19:32:05.207986
241,Isabella Williams,Male,19,Jaipur,2023-08-02 19:32:05.207990
242,Mason Williams,Female,18,Chennai,2024-08-14 19:32:05.207994
243,John Johnson,Male,42,Lucknow,2023-09-14 19:32:05.207997
244,John Johnson,Female,54,Hyderabad,2025-06-13 19:32:05.208002
245,John Davis,Male,24,Bangalore,2024-10-08 19:32:05.208005
246,Olivia Brown,Female,45,Kolkata,2025-05-16 19:32:05.208009
247,John Martinez,Male,22,Chennai,2025-01-06 19:32:05.208014
248,Ava Miller,Female,31,Hyderabad,2024-10-26 19:32:05.208018
249,John Jones,Male,44,Delhi,2025-05-02 19:32:05.208022
250,John Jones,Male,31,Chennai,2024-11-06 19:32:05.208026
251,Sophia Miller,Male,45,Bangalore,2024-06-11 19:32:05.208029
252,Sophia Williams,Male,19,Jaipur,2023-08-04 19:32:05.208033
253,Sophia Garcia,Male,18,Bangalore,2025-11-12 19:32:05.208036
254,Mason Miller,Female,30,Surat,2023-11-03 19:32:05.208040
255,Olivia Johnson,Male,27,Kolkata,2024-08-10 19:32:05.208044
256,Olivia Taylor,Male,34,Kolkata,2025-11-28 19:32:05.208047
257,Isabella Jones,Male,49,Mumbai,2024-07-19 19:32:05.208050
258,Emma Williams,Female,28,Pune,2025-09-24 19:32:05.208054
259,Sophia Martinez,Male,47,Kolkata,2025-10-25 19:32:05.208058
260,Ethan Jones,Male,52,Delhi,2024-03-11 19:32:05.208063
261,Emma Martinez,Female,27,Delhi,2025-07-21 19:32:05.208067
262,Isabella Garcia,Female,23,Hyderabad,2023-11-01 19:32:05.208071
263,Olivia Jones,Male,35,Mumbai,2023-12-07 19:32:05.208075
264,Noah Garcia,Female,20,Chennai,2024-09-13 19:32:05.208079
265,Ethan Jones,Male,37,Pune,2024-02-04 19:32:05.208082
266,Isabella Davis,Female,60,Kolkata,2026-01-08 19:32:05.208086
267,Liam Jones,Male,37,Pune,2024-06-16 19:32:05.208091
268,Liam Williams,Male,34,Jaipur,2025-07-02 19:32:05.208095
269,Sophia Martinez,Female,23,Pune,2023-08-30 19:32:05.208099
270,Liam Miller,Female,57,Chennai,2023-12-06 19:32:05.208105
271,Liam Johnson,Male,34,Hyderabad,2024-12-05 19:32:05.208109
272,Sophia Williams,Male,42,Surat,2025-11-12 19:32:05.208114
273,Emma Garcia,Male,25,Pune,2024-02-04 19:32:05.208118
274,Mason Johnson,Female,47,Pune,2025-01-31 19:32:05.208122
275,Ava Taylor,Female,54,Pune,2023-10-05 19:32:05.208126
276,Ava Taylor,Male,29,Mumbai,2024-02-20 19:32:05.208131
277,Isabella Williams,Female,60,Delhi,2024-07-13 19:32:05.208135
278,Olivia Garcia,Female,23,Surat,2024-09-06 19:32:05.208139
279,Sophia Davis,Male,37,Mumbai,2025-06-25 19:32:05.208144
280,Isabella Smith,Female,31,Chennai,2024-09-21 19:32:05.208148
281,Olivia Davis,Male,22,Mumbai,2025-04-06 19:32:05.208151
282,Mason Williams,Male,56,Lucknow,2025-05-25 19:32:05.208155
283,Olivia Miller,Female,51,Lucknow,2024-08-09 19:32:05.208159
284,Ava Taylor,Male,34,Hyderabad,2023-12-04 19:32:05.208163
285,John Williams,Female,20,Chennai,2024-03-01 19:32:05.208167
286,Ava Martinez,Female,56,Kolkata,2025-10-24 19:32:05.208172
287,Sophia Johnson,Male,18,Surat,2024-03-13 19:32:05.208176
288,Noah Jones,Female,50,Pune,2024-01-19 19:32:05.208180
289,Mason Garcia,Female,19,Jaipur,2024-03-25 19:32:05.208185
290,Noah Johnson,Female,31,Pune,2023-10-18 19:32:05.208189
291,John Smith,Female,50,Delhi,2026-01-04 19:32:05.208194
292,John Smith,Male,40,Delhi,2025-03-23 19:32:05.208198
293,Isabella Williams,Female,23,Chennai,2025-01-22 19:32:05.208202
294,Mason Johnson,Male,32,Surat,2025-09-23 19:32:05.208207
295,Ethan Jones,Male,52,Pune,2024-12-20 19:32:05.208211
296,John Jones,Female,26,Hyderabad,2024-03-04 19:32:05.208215
297,Noah Garcia,Female,60,Mumbai,2023-09-10 19:32:05.208220
298,John Taylor,Female,36,Mumbai,2025-10-15 19:32:05.208225
299,John Davis,Male,38,Surat,2025-05-26 19:32:05.208228
300,Ethan Davis,Female,36,Delhi,2024-02-11 19:32:05.208232
301,Mason Jones,Male,31,Mumbai,2025-01-13 19:32:05.208236
302,Noah Taylor,Female,36,Hyderabad,2025-01-16 19:32:05.208239
303,Liam Martinez,Female,23,Kolkata,2025-07-07 19:32:05.208243
304,Noah Jones,Male,18,Jaipur,2025-12-23 19:32:05.208246
305,Mason Martinez,Female,36,Chennai,2024-10-15 19:32:05.208250
306,Isabella Miller,Female,56,Chennai,2025-08-14 19:32:05.208253
307,Liam Jones,Female,28,Hyderabad,2024-10-05 19:32:05.208256
308,Noah Miller,Female,44,Delhi,2024-11-03 19:32:05.208260
309,Emma Taylor,Female,47,Kolkata,2024-09-29 19:32:05.208263
310,Isabella Taylor,Female,45,Bangalore,2025-12-06 19:32:05.208268
311,Isabella Taylor,Male,58,Lucknow,2024-03-01 19:32:05.208271
312,Ava Garcia,Male,54,Delhi,2025-01-26 19:32:05.208274
313,Ava Garcia,Male,21,Surat,2023-10-04 19:32:05.208278
314,Isabella Garcia,Male,29,Delhi,2025-05-21 19:32:05.208282
315,Olivia Davis,Male,55,Hyderabad,2025-09-24 19:32:05.208285
316,Olivia Garcia,Male,46,Delhi,2025-11-08 19:32:05.208288
317,Mason Davis,Female,22,Pune,2024-08-28 19:32:05.208292
318,Sophia Davis,Female,36,Mumbai,2024-01-06 19:32:05.208296
319,Ethan Martinez,Male,60,Delhi,2024-08-30 19:32:05.208300
320,Olivia Taylor,Male,43,Chennai,2024-11-27 19:32:05.208303
321,John Williams,Female,26,Surat,2024-04-12 19:32:05.208307
322,John Davis,Male,43,Delhi,2025-06-04 19:32:05.208311
323,Ava Smith,Male,53,Chennai,2024-02-13 19:32:05.208315
324,Olivia Garcia,Female,58,Chennai,2023-12-23 19:32:05.208319
325,Ava Garcia,Female,57,Lucknow,2025-01-29 19:32:05.208323
326,Liam Brown,Male,37,Bangalore,2024-04-02 19:32:05.208328
327,Noah Garcia,Male,40,Lucknow,2024-06-14 19:32:05.208332
328,Ava Garcia,Female,39,Pune,2024-07-30 19:32:05.208336
329,Emma Davis,Female,26,Mumbai,2023-07-16 19:32:05.208341
330,Liam Johnson,Female,59,Delhi,2024-04-01 19:32:05.208345
331,Sophia Taylor,Female,32,Lucknow,2024-07-10 19:32:05.208349
332,John Martinez,Male,51,Bangalore,2026-02-02 19:32:05.208353
333,Emma Johnson,Male,43,Delhi,2025-11-23 19:32:05.208358
334,Emma Johnson,Female,54,Pune,2025-06-23 19:32:05.208362
335,Liam Martinez,Male,18,Chennai,2024-09-26 19:32:05.208365
336,John Miller,Female,39,Lucknow,2024-07-06 19:32:05.208369
337,Mason Miller,Male,59,Chennai,2025-06-02 19:32:05.208373
338,Sophia Williams,Female,40,Lucknow,2024-01-08 19:32:05.208377
339,Sophia Martinez,Female,31,Surat,2025-03-11 19:32:05.208381
340,Liam Garcia,Male,52,Delhi,2023-11-20 19:32:05.208385
341,Noah Miller,Male,60,Surat,2023-08-14 19:32:05.208389
342,Noah Brown,Male,23,Mumbai,2023-09-14 19:32:05.208394
343,Ethan Smith,Female,26,Bangalore,2023-09-04 19:32:05.208398
344,Emma Brown,Male,37,Hyderabad,2024-04-27 19:32:05.208403
345,Isabella Williams,Female,60,Surat,2025-05-04 19:32:05.208407
346,Emma Garcia,Male,20,Kolkata,2025-07-29 19:32:05.208412
347,John Johnson,Male,58,Jaipur,2025-03-02 19:32:05.208416
348,Sophia Taylor,Female,27,Mumbai,2026-01-19 19:32:05.208419
349,Mason Miller,Male,22,Lucknow,2024-10-31 19:32:05.208450
350,Sophia Jones,Male,51,Jaipur,2025-10-29 19:32:05.208457
351,Noah Williams,Male,24,Jaipur,2025-01-26 19:32:05.208461
352,Liam Miller,Female,30,Lucknow,2023-07-20 19:32:05.208465
353,Emma Miller,Male,33,Kolkata,2023-12-18 19:32:05.208468
354,Olivia Davis,Female,32,Surat,2026-01-16 19:32:05.208474
355,Ava Miller,Male,20,Delhi,2025-03-26 19:32:05.208479
356,Isabella Johnson,Female,45,Chennai,2025-04-10 19:32:05.208483
357,Noah Jones,Male,19,Delhi,2024-12-25 19:32:05.208486
358,Mason Smith,Male,38,Jaipur,2024-09-10 19:32:05.208490
359,Ava Garcia,Male,43,Hyderabad,2024-03-09 19:32:05.208495
360,John Brown,Female,20,Chennai,2025-02-23 19:32:05.208498
361,Emma Taylor,Male,31,Bangalore,2024-01-30 19:32:05.208502
362,Ava Martinez,Female,28,Lucknow,2025-10-31 19:32:05.208507
363,Liam Johnson,Male,56,Jaipur,2025-01-01 19:32:05.208510
364,Ava Smith,Female,51,Kolkata,2025-08-27 19:32:05.208514
365,Mason Martinez,Female,60,Pune,2023-10-29 19:32:05.208518
366,Mason Martinez,Male,47,Jaipur,2023-08-12 19:32:05.208522
367,Liam Taylor,Male,29,Chennai,2024-02-26 19:32:05.208526
368,Ava Martinez,Male,32,Kolkata,2025-12-30 19:32:05.208529
369,Ethan Jones,Female,55,Hyderabad,2024-09-26 19:32:05.208533
370,Ava Davis,Male,59,Jaipur,2025-12-02 19:32:05.208536
371,Isabella Garcia,Male,44,Pune,2023-11-14 19:32:05.208540
372,Noah Jones,Male,23,Delhi,2023-07-01 19:32:05.208543
373,Ava Jones,Male,30,Surat,2024-10-25 19:32:05.208547
374,Liam Williams,Female,45,Jaipur,2024-06-06 19:32:05.208550
375,Olivia Miller,Male,18,Mumbai,2025-06-20 19:32:05.208554
376,Sophia Davis,Female,57,Pune,2023-09-10 19:32:05.208558
377,Sophia Davis,Male,33,Jaipur,2024-10-26 19:32:05.208561
378,Sophia Johnson,Female,40,Bangalore,2025-05-20 19:32:05.208565
379,Mason Smith,Male,22,Hyderabad,2025-08-16 19:32:05.208569
380,Ethan Martinez,Female,56,Surat,2024-10-21 19:32:05.208573
381,Emma Brown,Male,50,Pune,2025-08-16 19:32:05.208577
382,Liam Smith,Male,41,Kolkata,2023-08-25 19:32:05.208580
383,Sophia Johnson,Female,24,Chennai,2023-10-01 19:32:05.208584
384,Sophia Brown,Male,53,Mumbai,2025-04-30 19:32:05.208588
385,Noah Martinez,Male,50,Surat,2025-11-01 19:32:05.208596
386,Sophia Miller,Female,35,Bangalore,2025-06-22 19:32:05.208599
387,Noah Smith,Female,54,Surat,2025-09-25 19:32:05.208603
388,Emma Smith,Male,52,Surat,2025-05-20 19:32:05.208607
389,Liam Taylor,Male,38,Surat,2023-08-22 19:32:05.208610
390,Noah Miller,Female,40,Jaipur,2024-12-24 19:32:05.208614
391,Isabella Taylor,Male,54,Hyderabad,2025-05-04 19:32:05.208617
392,Mason Martinez,Male,40,Mumbai,2025-07-30 19:32:05.208621
393,Emma Taylor,Female,47,Jaipur,2025-06-16 19:32:05.208624
394,Ava Martinez,Female,60,Hyderabad,2025-09-28 19:32:05.208628
395,Emma Jones,Male,43,Delhi,2025-10-21 19:32:05.208631
396,Sophia Taylor,Male,37,Mumbai,2025-08-28 19:32:05.208635
397,Mason Jones,Female,48,Jaipur,2023-06-29 19:32:05.208638
398,Liam Davis,Female,39,Jaipur,2023-07-10 19:32:05.208642
399,Isabella Garcia,Female,38,Jaipur,2023-09-02 19:32:05.208721
400,Ethan Jones,Female,51,Kolkata,2025-08-20 19:32:05.208728
401,John Williams,Female,45,Pune,2023-07-25 19:32:05.208732
402,Emma Garcia,Female,35,Kolkata,2025-12-04 19:32:05.208740
403,Ethan Jones,Male,57,Chennai,2025-06-14 19:32:05.208744
404,Noah Smith,Female,33,Delhi,2024-03-11 19:32:05.208748
405,Ava Garcia,Male,22,Kolkata,2023-11-12 19:32:05.208751
406,Isabella Taylor,Male,51,Lucknow,2025-09-11 19:32:05.208756
407,Liam Smith,Female,35,Bangalore,2024-03-06 19:32:05.208770
408,Sophia Brown,Female,38,Hyderabad,2025-11-03 19:32:05.208780
409,Ethan Miller,Male,21,Bangalore,2025-12-12 19:32:05.208785
410,Isabella Taylor,Female,54,Delhi,2024-07-26 19:32:05.208789
411,Isabella Smith,Male,19,Chennai,2024-06-16 19:32:05.208793
412,Sophia Taylor,Male,32,Pune,2025-12-22 19:32:05.208797
413,Ava Johnson,Female,24,Bangalore,2024-06-06 19:32:05.208801
414,Noah Johnson,Male,25,Bangalore,2026-01-30 19:32:05.208805
415,Isabella Garcia,Male,23,Chennai,2024-11-05 19:32:05.208811
416,Ethan Martinez,Female,39,Mumbai,2025-05-28 19:32:05.208815
417,Mason Jones,Male,43,Kolkata,2024-12-19 19:32:05.208819
418,Liam Taylor,Female,22,Jaipur,2024-05-29 19:32:05.208822
419,Sophia Martinez,Female,35,Jaipur,2025-08-08 19:32:05.208827
420,Ethan Johnson,Female,18,Hyderabad,2025-06-15 19:32:05.208832
421,Liam Garcia,Male,43,Jaipur,2025-01-05 19:32:05.208837
422,Olivia Smith,Male,20,Bangalore,2023-06-26 19:32:05.208840
423,Emma Jones,Female,41,Bangalore,2026-02-04 19:32:05.208845
424,Mason Garcia,Female,59,Jaipur,2025-09-24 19:32:05.208850
425,Sophia Garcia,Female,22,Delhi,2024-03-14 19:32:05.208855
426,Emma Johnson,Female,48,Mumbai,2024-03-15 19:32:05.208860
427,Liam Williams,Male,33,Kolkata,2024-02-15 19:32:05.208864
428,Ethan Taylor,Male,59,Jaipur,2025-06-06 19:32:05.208868
429,Isabella Jones,Female,59,Lucknow,2024-02-20 19:32:05.208873
430,Sophia Miller,Female,32,Hyderabad,2024-04-25 19:32:05.208877
431,Olivia Jones,Male,32,Hyderabad,2024-04-04 19:32:05.208883
432,Ethan Davis,Female,21,Surat,2025-02-19 19:32:05.208887
433,Sophia Davis,Female,48,Kolkata,2025-07-01 19:32:05.208891
434,Noah Garcia,Male,39,Lucknow,2025-01-29 19:32:05.208895
435,Noah Martinez,Male,48,Mumbai,2025-11-20 19:32:05.208899
436,Isabella Jones,Female,20,Jaipur,2025-09-10 19:32:05.208903
437,Mason Williams,Female,42,Jaipur,2023-10-23 19:32:05.208907
438,Emma Johnson,Male,40,Lucknow,2024-11-07 19:32:05.208911
439,Liam Williams,Male,43,Jaipur,2024-10-17 19:32:05.208915
440,Isabella Taylor,Female,20,Delhi,2023-06-21 19:32:05.208918
441,Ava Johnson,Male,20,Bangalore,2023-08-13 19:32:05.208922
442,Olivia Williams,Female,26,Bangalore,2024-07-30 19:32:05.208926
443,Liam Williams,Male,43,Pune,2025-01-03 19:32:05.208930
444,Sophia Garcia,Female,52,Surat,2024-08-01 19:32:05.208933
445,Noah Martinez,Female,56,Bangalore,2024-05-12 19:32:05.208938
446,Mason Smith,Male,34,Surat,2025-09-13 19:32:05.208942
447,Sophia Martinez,Male,51,Bangalore,2024-11-17 19:32:05.208946
448,Noah Jones,Male,55,Delhi,2025-07-14 19:32:05.208950
449,John Davis,Male,25,Surat,2025-12-25 19:32:05.208953
450,Isabella Brown,Male,27,Jaipur,2024-03-12 19:32:05.208957
451,Ethan Jones,Male,21,Mumbai,2024-02-25 19:32:05.208961
452,Ethan Taylor,Female,50,Chennai,2024-07-06 19:32:05.208964
453,Ethan Martinez,Male,31,Jaipur,2023-11-15 19:32:05.209007
454,Isabella Miller,Female,45,Hyderabad,2023-10-06 19:32:05.209020
455,Emma Garcia,Male,26,Delhi,2023-09-20 19:32:05.209026
456,Isabella Johnson,Female,52,Surat,2024-11-29 19:32:05.209032
457,Mason Miller,Female,27,Delhi,2025-03-09 19:32:05.209037
458,Olivia Davis,Male,20,Hyderabad,2023-11-16 19:32:05.209045
459,Ethan Johnson,Female,36,Bangalore,2025-02-01 19:32:05.209051
460,Mason Johnson,Male,46,Jaipur,2025-03-19 19:32:05.209056
461,John Miller,Male,42,Jaipur,2026-02-09 19:32:05.209061
462,Ava Martinez,Male,50,Delhi,2025-10-11 19:32:05.209066
463,Isabella Martinez,Male,36,Surat,2025-01-02 19:32:05.209072
464,Ava Brown,Male,20,Bangalore,2025-08-29 19:32:05.209077
465,Isabella Davis,Male,29,Surat,2024-08-21 19:32:05.209082
466,Ethan Miller,Male,55,Lucknow,2024-11-16 19:32:05.209087
467,John Taylor,Female,59,Chennai,2023-11-22 19:32:05.209092
468,Isabella Smith,Male,56,Jaipur,2026-02-02 19:32:05.209097
469,Noah Johnson,Female,26,Delhi,2023-10-07 19:32:05.209102
470,John Martinez,Male,57,Bangalore,2024-06-04 19:32:05.209106
471,John Johnson,Male,21,Delhi,2023-10-24 19:32:05.209111
472,Emma Johnson,Female,59,Lucknow,2024-05-06 19:32:05.209116
473,Sophia Garcia,Male,33,Bangalore,2025-05-24 19:32:05.209121
474,Liam Martinez,Female,32,Hyderabad,2025-06-06 19:32:05.209125
475,Emma Davis,Male,18,Pune,2023-12-06 19:32:05.209131
476,Ethan Taylor,Male,50,Surat,2023-12-14 19:32:05.209135
477,John Jones,Female,55,Chennai,2025-04-28 19:32:05.209140
478,Noah Miller,Male,26,Lucknow,2025-02-17 19:32:05.209145
479,Noah Williams,Female,18,Pune,2023-11-14 19:32:05.209149
480,Olivia Johnson,Male,57,Bangalore,2023-10-27 19:32:05.209154
481,Sophia Martinez,Female,24,Surat,2026-01-15 19:32:05.209159
482,Ava Taylor,Female,34,Chennai,2025-02-07 19:32:05.209164
483,Liam Jones,Female,58,Chennai,2025-10-22 19:32:05.209169
484,Ava Martinez,Female,23,Lucknow,2024-01-03 19:32:05.209173
485,Liam Brown,Male,19,Hyderabad,2025-01-19 19:32:05.209178
486,Noah Smith,Female,44,Chennai,2025-12-26 19:32:05.209183
487,Emma Smith,Female,40,Mumbai,2023-12-02 19:32:05.209188
488,Mason Miller,Female,51,Bangalore,2025-07-27 19:32:05.209193
489,Noah Brown,Male,54,Surat,2023-11-22 19:32:05.209198
490,Isabella Brown,Male,58,Chennai,2025-02-23 19:32:05.209203
491,Ethan Brown,Female,53,Hyderabad,2023-11-17 19:32:05.209207
492,Noah Smith,Female,36,Kolkata,2024-12-10 19:32:05.209212
493,Emma Taylor,Female,29,Chennai,2025-10-22 19:32:05.209217
494,Ava Davis,Male,35,Delhi,2023-08-18 19:32:05.209222
495,Liam Williams,Female,52,Chennai,2024-10-18 19:32:05.209227
496,Ava Martinez,Female,24,Bangalore,2025-09-27 19:32:05.209232
497,Emma Jones,Female,45,Bangalore,2023-07-15 19:32:05.209236
498,Sophia Martinez,Female,46,Surat,2025-04-01 19:32:05.209241
499,Noah Jones,Male,40,Hyderabad,2024-09-14 19:32:05.209246
500,Emma Williams,Female,31,Delhi,2024-03-09 19:32:05.209250
501,John Brown,Female,49,Delhi,2024-12-19 19:32:05.209256
502,Liam Davis,Male,52,Kolkata,2024-07-10 19:32:05.209260
503,Noah Williams,Female,54,Surat,2025-04-04 19:32:05.209266
504,Ava Smith,Female,39,Kolkata,2025-07-14 19:32:05.209271
505,Liam Taylor,Female,18,Delhi,2025-08-26 19:32:05.209275
506,Ethan Brown,Male,31,Hyderabad,2025-01-16 19:32:05.209280
507,Olivia Smith,Male,57,Delhi,2025-03-17 19:32:05.209285
508,Emma Smith,Male,60,Hyderabad,2024-01-27 19:32:05.209290
509,John Taylor,Female,43,Hyderabad,2025-12-22 19:32:05.209295
510,Isabella Martinez,Female,24,Bangalore,2026-01-12 19:32:05.209300
511,Isabella Johnson,Female,27,Chennai,2025-12-31 19:32:05.209304
512,Sophia Davis,Female,40,Pune,2023-07-03 19:32:05.209309
513,Olivia Johnson,Female,39,Mumbai,2023-07-20 19:32:05.209314
514,Emma Taylor,Male,51,Pune,2024-11-21 19:32:05.209318
515,Mason Davis,Male,55,Lucknow,2023-07-28 19:32:05.209324
516,Noah Davis,Female,42,Bangalore,2024-08-24 19:32:05.209329
517,Noah Brown,Male,30,Pune,2024-05-28 19:32:05.209333
518,Sophia Johnson,Female,54,Bangalore,2024-02-19 19:32:05.209338
519,Ethan Williams,Female,41,Pune,2026-01-08 19:32:05.209343
520,Ava Miller,Female,24,Kolkata,2025-01-02 19:32:05.209347
521,Mason Davis,Male,38,Bangalore,2025-10-09 19:32:05.209352
522,Sophia Taylor,Female,47,Lucknow,2024-01-04 19:32:05.209359
523,Emma Garcia,Male,57,Mumbai,2025-05-25 19:32:05.209364
524,Ethan Taylor,Female,50,Jaipur,2023-11-06 19:32:05.209368
525,Olivia Smith,Female,46,Chennai,2023-10-15 19:32:05.209373
526,Isabella Smith,Male,56,Hyderabad,2025-10-09 19:32:05.209378
527,Noah Johnson,Female,58,Kolkata,2025-03-08 19:32:05.209383
528,Olivia Taylor,Female,52,Jaipur,2024-05-31 19:32:05.209387
529,Olivia Smith,Female,27,Delhi,2025-09-21 19:32:05.209392
530,John Johnson,Female,52,Pune,2024-08-19 19:32:05.209397
531,Noah Smith,Male,46,Pune,2024-09-21 19:32:05.209402
532,Emma Smith,Female,29,Mumbai,2025-06-26 19:32:05.209407
533,Ava Jones,Male,47,Hyderabad,2023-09-30 19:32:05.209411
534,Isabella Davis,Male,30,Kolkata,2024-10-18 19:32:05.209416
535,Mason Martinez,Male,45,Jaipur,2024-09-01 19:32:05.209421
536,Olivia Williams,Male,47,Jaipur,2024-03-10 19:32:05.209426
537,Sophia Taylor,Male,27,Bangalore,2023-08-07 19:32:05.209431
538,Ava Brown,Male,18,Jaipur,2023-09-29 19:32:05.209436
539,Ava Williams,Female,35,Kolkata,2023-09-16 19:32:05.209441
540,Mason Williams,Female,18,Hyderabad,2024-06-15 19:32:05.209445
541,Liam Jones,Female,55,Lucknow,2025-05-14 19:32:05.209450
542,Liam Garcia,Female,53,Lucknow,2025-11-19 19:32:05.209455
543,Sophia Smith,Male,20,Mumbai,2026-01-12 19:32:05.209459
544,Liam Brown,Female,27,Mumbai,2023-09-20 19:32:05.209464
545,Noah Smith,Female,51,Delhi,2024-04-07 19:32:05.209469
546,Emma Garcia,Female,45,Kolkata,2025-09-22 19:32:05.209474
547,Mason Williams,Male,27,Bangalore,2023-10-24 19:32:05.209479
548,Noah Davis,Male,22,Surat,2025-08-03 19:32:05.209484
549,Liam Garcia,Male,26,Bangalore,2025-08-04 19:32:05.209488
550,Isabella Garcia,Male,43,Chennai,2023-10-21 19:32:05.209493
551,Isabella Taylor,Male,60,Pune,2023-06-27 19:32:05.209498
552,Noah Smith,Female,25,Chennai,2025-10-26 19:32:05.209502
553,Ethan Martinez,Female,60,Jaipur,2025-04-11 19:32:05.209507
554,Emma Brown,Male,20,Delhi,2024-08-20 19:32:05.209512
555,Isabella Jones,Female,46,Pune,2024-12-24 19:32:05.209517
556,Emma Miller,Male,55,Chennai,2024-03-07 19:32:05.209526
557,Sophia Jones,Male,26,Surat,2024-05-21 19:32:05.209531
558,Mason Jones,Male,49,Bangalore,2026-02-12 19:32:05.209535
559,Mason Smith,Female,56,Chennai,2023-11-09 19:32:05.209540
560,Noah Taylor,Male,41,Chennai,2025-11-05 19:32:05.209545
561,John Garcia,Male,19,Kolkata,2024-09-24 19:32:05.209549
562,Noah Garcia,Female,44,Hyderabad,2025-03-12 19:32:05.209554
563,Olivia Garcia,Female,60,Pune,2024-07-03 19:32:05.209559
564,Liam Jones,Female,50,Chennai,2024-08-03 19:32:05.209564
565,John Williams,Male,28,Surat,2025-09-14 19:32:05.209568
566,Emma Brown,Male,53,Delhi,2024-02-10 19:32:05.209573
567,Noah Davis,Female,42,Hyderabad,2025-11-02 19:32:05.209578
568,Ethan Williams,Female,49,Kolkata,2023-07-23 19:32:05.209583
569,Noah Davis,Male,53,Surat,2024-11-17 19:32:05.209588
570,Isabella Taylor,Male,48,Hyderabad,2025-01-07 19:32:05.209592
571,Mason Smith,Male,53,Mumbai,2025-12-16 19:32:05.209597
572,John Miller,Female,29,Chennai,2024-04-12 19:32:05.209602
573,Noah Martinez,Male,49,Mumbai,2024-03-20 19:32:05.209606
574,Noah Brown,Male,19,Surat,2024-10-08 19:32:05.209612
575,Ethan Smith,Male,37,Jaipur,2024-05-21 19:32:05.209617
576,Noah Garcia,Female,28,Mumbai,2024-06-09 19:32:05.209621
577,Ethan Williams,Female,32,Hyderabad,2025-09-13 19:32:05.209626
578,Liam Johnson,Male,59,Chennai,2025-04-27 19:32:05.209631
579,Ethan Smith,Male,24,Jaipur,2025-09-12 19:32:05.209636
580,Olivia Smith,Male,25,Surat,2024-05-18 19:32:05.209641
581,Liam Taylor,Male,45,Bangalore,2024-05-03 19:32:05.209645
582,Sophia Martinez,Female,56,Kolkata,2023-11-14 19:32:05.209650
583,Ava Brown,Male,35,Pune,2025-09-15 19:32:05.209655
584,Noah Martinez,Male,53,Chennai,2024-10-09 19:32:05.209659
585,Olivia Smith,Female,35,Kolkata,2025-05-04 19:32:05.209664
586,Noah Smith,Female,45,Lucknow,2025-06-16 19:32:05.209669
587,Noah Miller,Female,47,Pune,2024-04-01 19:32:05.209674
588,Ethan Taylor,Female,57,Hyderabad,2024-09-10 19:32:05.209680
589,Noah Smith,Female,21,Surat,2024-04-05 19:32:05.209685
590,Ethan Garcia,Female,50,Surat,2023-08-07 19:32:05.209690
591,Ava Davis,Male,58,Pune,2025-04-12 19:32:05.209695
592,Ava Brown,Female,59,Bangalore,2024-04-25 19:32:05.209700
593,Ethan Williams,Female,56,Mumbai,2025-02-18 19:32:05.209704
594,Noah Brown,Male,28,Chennai,2024-01-24 19:32:05.209712
595,Olivia Johnson,Female,39,Surat,2025-01-26 19:32:05.209716
596,Ava Davis,Female,19,Chennai,2025-07-31 19:32:05.209721
597,Olivia Johnson,Male,22,Pune,2025-09-04 19:32:05.209726
598,Isabella Taylor,Male,43,Kolkata,2024-08-26 19:32:05.209731
599,Liam Martinez,Female,28,Bangalore,2024-04-23 19:32:05.209735
600,Ava Davis,Female,53,Delhi,2024-01-11 19:32:05.209740
601,Mason Williams,Male,25,Delhi,2025-01-12 19:32:05.209745
602,Olivia Jones,Female,39,Surat,2023-10-03 19:32:05.209750
603,Olivia Miller,Male,25,Surat,2025-10-19 19:32:05.209755
604,Olivia Martinez,Male,47,Lucknow,2023-07-17 19:32:05.209759
605,Isabella Williams,Female,22,Hyderabad,2025-08-24 19:32:05.209764
606,Ethan Jones,Male,30,Hyderabad,2023-09-23 19:32:05.209769
607,Emma Johnson,Male,32,Delhi,2025-02-27 19:32:05.209774
608,Mason Johnson,Male,21,Lucknow,2025-01-14 19:32:05.209779
609,Isabella Johnson,Male,25,Hyderabad,2025-11-25 19:32:05.209783
610,John Miller,Female,46,Pune,2023-07-30 19:32:05.209788
611,Mason Brown,Male,37,Lucknow,2024-01-28 19:32:05.209793
612,Emma Johnson,Male,32,Delhi,2024-08-25 19:32:05.209797
613,Ethan Taylor,Female,48,Hyderabad,2024-05-12 19:32:05.209802
614,Ethan Taylor,Female,54,Lucknow,2025-04-22 19:32:05.209807
615,Mason Jones,Male,54,Delhi,2025-11-22 19:32:05.209811
616,Ava Davis,Female,21,Mumbai,2026-02-14 19:32:05.209816
617,John Smith,Female,45,Delhi,2025-01-22 19:32:05.209821
618,Olivia Williams,Male,53,Kolkata,2025-04-01 19:32:05.209826
619,Mason Miller,Male,22,Bangalore,2024-04-24 19:32:05.209830
620,Liam Williams,Female,21,Mumbai,2023-08-31 19:32:05.209836
621,Noah Miller,Male,26,Pune,2023-09-27 19:32:05.209840
622,Noah Williams,Male,21,Surat,2024-01-07 19:32:05.209845
623,Ava Williams,Female,28,Mumbai,2023-11-30 19:32:05.209850
624,Noah Taylor,Male,38,Lucknow,2024-08-07 19:32:05.209854
625,Noah Jones,Male,30,Surat,2025-08-16 19:32:05.209859
626,Isabella Davis,Female,37,Chennai,2024-08-14 19:32:05.209864
627,Ava Johnson,Male,34,Lucknow,2024-08-08 19:32:05.209868
628,Ethan Miller,Female,60,Kolkata,2023-09-18 19:32:05.209873
629,Sophia Garcia,Female,20,Surat,2023-11-15 19:32:05.209878
630,Emma Miller,Female,34,Kolkata,2023-12-05 19:32:05.209883
631,Sophia Taylor,Male,19,Chennai,2025-11-28 19:32:05.209888
632,Sophia Garcia,Female,37,Chennai,2024-08-22 19:32:05.209892
633,Liam Davis,Female,36,Pune,2024-02-24 19:32:05.209897
634,Liam Miller,Male,43,Bangalore,2023-10-15 19:32:05.209902
635,Olivia Davis,Male,55,Chennai,2025-06-30 19:32:05.209906
636,Mason Taylor,Male,28,Kolkata,2025-02-10 19:32:05.209911
637,Liam Brown,Female,23,Kolkata,2024-07-04 19:32:05.209916
638,John Taylor,Male,59,Pune,2025-05-21 19:32:05.209921
639,Ava Miller,Female,18,Surat,2024-02-08 19:32:05.209926
640,Mason Jones,Male,42,Kolkata,2024-11-23 19:32:05.209930
641,Emma Brown,Male,53,Chennai,2023-10-04 19:32:05.209935
642,Emma Garcia,Male,50,Hyderabad,2023-07-19 19:32:05.209940
643,Emma Martinez,Male,34,Pune,2025-08-24 19:32:05.209944
644,Sophia Brown,Male,29,Pune,2025-10-04 19:32:05.210076
645,Mason Taylor,Female,56,Pune,2023-10-12 19:32:05.210094
646,Sophia Jones,Female,31,Hyderabad,2025-12-23 19:32:05.210104
647,Olivia Williams,Male,52,Chennai,2023-12-28 19:32:05.210113
648,Ethan Taylor,Male,43,Delhi,2025-10-16 19:32:05.210128
649,Emma Williams,Female,57,Mumbai,2024-01-16 19:32:05.210136
650,Mason Johnson,Female,39,Surat,2024-09-28 19:32:05.210145
651,John Taylor,Male,45,Bangalore,2025-03-21 19:32:05.210153
652,Emma Jones,Female,25,Bangalore,2024-01-23 19:32:05.210161
653,Emma Williams,Female,31,Hyderabad,2024-04-01 19:32:05.210170
654,Noah Johnson,Male,18,Chennai,2024-08-15 19:32:05.210178
655,Olivia Johnson,Female,55,Mumbai,2026-02-13 19:32:05.210186
656,Ethan Williams,Male,28,Chennai,2023-09-27 19:32:05.210194
657,Sophia Smith,Female,47,Mumbai,2025-04-08 19:32:05.210212
658,Ava Williams,Female,38,Delhi,2023-10-01 19:32:05.210221
659,Emma Johnson,Male,32,Pune,2024-03-06 19:32:05.210229
660,John Williams,Male,56,Kolkata,2024-05-12 19:32:05.210236
661,Ava Williams,Male,51,Hyderabad,2023-09-24 19:32:05.210245
662,John Williams,Female,25,Kolkata,2024-08-08 19:32:05.210253
663,Ethan Martinez,Male,33,Lucknow,2024-10-04 19:32:05.210262
664,Sophia Miller,Male,46,Pune,2024-09-22 19:32:05.210270
665,Liam Smith,Female,40,Lucknow,2024-10-05 19:32:05.210278
666,Liam Davis,Female,33,Bangalore,2023-10-24 19:32:05.210287
667,Olivia Martinez,Male,24,Kolkata,2023-08-29 19:32:05.210295
668,Ava Martinez,Male,19,Pune,2024-01-11 19:32:05.210303
669,Liam Brown,Male,18,Delhi,2024-05-20 19:32:05.210311
670,Noah Miller,Female,48,Chennai,2025-05-18 19:32:05.210322
671,Sophia Johnson,Female,23,Delhi,2025-12-25 19:32:05.210330
672,Ava Brown,Female,36,Delhi,2023-12-09 19:32:05.210338
673,John Johnson,Male,33,Lucknow,2025-11-19 19:32:05.210347
674,Ethan Smith,Female,44,Surat,2024-05-02 19:32:05.210361
675,Mason Jones,Male,48,Surat,2025-07-31 19:32:05.210375
676,Ava Davis,Female,20,Bangalore,2023-08-08 19:32:05.210391
677,Mason Martinez,Male,29,Kolkata,2024-01-29 19:32:05.210400
678,Liam Martinez,Male,21,Bangalore,2026-01-16 19:32:05.210411
679,Mason Brown,Female,31,Kolkata,2024-08-20 19:32:05.210420
680,Isabella Brown,Female,44,Surat,2024-09-03 19:32:05.210436
681,Ethan Davis,Female,52,Surat,2024-02-25 19:32:05.210445
682,Liam Williams,Male,36,Mumbai,2023-08-03 19:32:05.210453
683,John Brown,Male,21,Mumbai,2024-08-17 19:32:05.210462
684,Ava Brown,Female,32,Kolkata,2024-02-18 19:32:05.210471
685,John Miller,Male,26,Surat,2023-09-24 19:32:05.210480
686,Olivia Williams,Male,31,Surat,2025-10-07 19:32:05.210490
687,Isabella Williams,Male,55,Pune,2024-12-26 19:32:05.210499
688,Liam Johnson,Female,20,Pune,2023-08-13 19:32:05.210508
689,Emma Miller,Male,26,Jaipur,2025-10-02 19:32:05.210524
690,Ethan Davis,Female,56,Lucknow,2025-08-04 19:32:05.210532
691,Liam Williams,Male,34,Kolkata,2025-11-21 19:32:05.210540
692,Emma Jones,Female,34,Kolkata,2026-01-01 19:32:05.210548
693,Ava Jones,Female,39,Kolkata,2025-08-11 19:32:05.210556
694,Noah Taylor,Female,47,Bangalore,2025-03-31 19:32:05.210564
695,Olivia Williams,Male,56,Chennai,2024-06-07 19:32:05.210574
696,Isabella Davis,Female,38,Surat,2024-01-02 19:32:05.210582
697,Mason Smith,Female,41,Kolkata,2024-05-22 19:32:05.210590
698,Sophia Jones,Female,23,Chennai,2025-09-07 19:32:05.210599
699,Ethan Brown,Male,54,Bangalore,2024-09-25 19:32:05.210607
700,John Taylor,Female,25,Bangalore,2025-06-24 19:32:05.210615
701,Liam Martinez,Male,27,Pune,2026-01-27 19:32:05.210624
702,Ethan Miller,Male,24,Surat,2025-09-04 19:32:05.210682
703,Noah Davis,Female,41,Bangalore,2023-08-13 19:32:05.210694
704,Mason Williams,Female,28,Chennai,2026-01-04 19:32:05.210699
705,Noah Martinez,Female,43,Surat,2024-11-05 19:32:05.210703
706,Ava Taylor,Male,55,Kolkata,2023-12-21 19:32:05.210739
707,Mason Jones,Female,31,Surat,2024-08-15 19:32:05.210746
708,Liam Miller,Female,54,Pune,2025-12-31 19:32:05.210752
709,Isabella Jones,Female,38,Lucknow,2023-11-02 19:32:05.210760
710,Noah Brown,Male,34,Mumbai,2023-11-01 19:32:05.210765
711,Ethan Garcia,Male,50,Pune,2025-01-03 19:32:05.210784
712,Noah Miller,Male,52,Lucknow,2024-09-26 19:32:05.210794
713,Isabella Garcia,Female,22,Kolkata,2023-09-23 19:32:05.210798
714,John Davis,Female,44,Mumbai,2023-08-30 19:32:05.210802
715,Mason Williams,Male,47,Bangalore,2024-06-17 19:32:05.210806
716,Olivia Brown,Male,36,Hyderabad,2023-12-01 19:32:05.210810
717,Sophia Brown,Male,39,Mumbai,2023-12-26 19:32:05.210814
718,Sophia Miller,Male,54,Hyderabad,2025-06-30 19:32:05.210817
719,Emma Williams,Male,28,Surat,2024-03-29 19:32:05.210821
720,Emma Davis,Male,46,Delhi,2025-09-13 19:32:05.210825
721,Ethan Williams,Male,43,Surat,2026-02-05 19:32:05.210829
722,Noah Williams,Male,46,Bangalore,2025-03-19 19:32:05.210832
723,John Williams,Male,60,Chennai,2025-04-30 19:32:05.210836
724,Ethan Miller,Male,20,Jaipur,2023-08-14 19:32:05.210840
725,Isabella Brown,Female,60,Lucknow,2024-08-02 19:32:05.210844
726,Emma Jones,Female,39,Kolkata,2023-07-18 19:32:05.210847
727,Ethan Martinez,Male,54,Delhi,2023-08-17 19:32:05.210851
728,Ethan Davis,Male,26,Hyderabad,2023-11-10 19:32:05.210855
729,Ava Miller,Male,52,Bangalore,2023-10-15 19:32:05.210859
730,Liam Williams,Male,49,Delhi,2023-09-16 19:32:05.210862
731,John Smith,Female,41,Lucknow,2025-10-05 19:32:05.210866
732,Noah Garcia,Female,46,Bangalore,2023-08-19 19:32:05.210870
733,Emma Jones,Female,55,Hyderabad,2025-10-13 19:32:05.210874
734,Mason Miller,Male,30,Lucknow,2025-07-04 19:32:05.210877
735,Ethan Williams,Female,54,Bangalore,2024-07-08 19:32:05.210881
736,Sophia Johnson,Male,26,Surat,2023-10-30 19:32:05.210885
737,Liam Martinez,Female,39,Bangalore,2024-01-29 19:32:05.210888
738,Sophia Davis,Female,34,Delhi,2024-06-01 19:32:05.210892
739,Sophia Davis,Female,55,Chennai,2024-07-02 19:32:05.210896
740,Mason Johnson,Female,51,Mumbai,2024-09-21 19:32:05.210899
741,Liam Davis,Female,45,Mumbai,2024-02-06 19:32:05.210902
742,Emma Davis,Female,31,Jaipur,2023-09-13 19:32:05.210907
743,Isabella Williams,Male,46,Delhi,2023-09-22 19:32:05.210910
744,Mason Garcia,Male,20,Jaipur,2024-07-07 19:32:05.210913
745,John Smith,Female,28,Mumbai,2024-09-30 19:32:05.210917
746,Mason Davis,Male,35,Pune,2025-04-06 19:32:05.210921
747,Ethan Martinez,Female,47,Hyderabad,2025-06-18 19:32:05.210925
748,Emma Williams,Male,48,Lucknow,2025-11-22 19:32:05.210929
749,Ava Martinez,Female,50,Lucknow,2023-06-23 19:32:05.210933
750,John Brown,Female,58,Kolkata,2025-03-14 19:32:05.210937
751,John Martinez,Female,43,Chennai,2025-08-22 19:32:05.210941
752,Mason Miller,Female,31,Delhi,2023-08-21 19:32:05.210945
753,Ava Taylor,Female,29,Surat,2025-04-29 19:32:05.210948
754,Mason Miller,Female,58,Jaipur,2024-06-06 19:32:05.210952
755,Mason Jones,Male,38,Kolkata,2024-07-18 19:32:05.210956
756,Mason Miller,Male,45,Chennai,2025-03-11 19:32:05.210960
757,Isabella Davis,Male,24,Chennai,2025-08-06 19:32:05.210963
758,John Garcia,Female,21,Surat,2026-01-01 19:32:05.210967
759,Sophia Martinez,Female,60,Jaipur,2024-08-11 19:32:05.210971
760,Ethan Miller,Male,52,Lucknow,2025-02-16 19:32:05.210974
761,Olivia Williams,Male,18,Lucknow,2024-06-27 19:32:05.210978
762,Liam Miller,Male,35,Pune,2024-08-11 19:32:05.210985
763,Olivia Martinez,Male,59,Kolkata,2023-08-26 19:32:05.210989
764,Ava Brown,Male,27,Delhi,2024-07-17 19:32:05.210993
765,Emma Brown,Male,36,Bangalore,2025-04-25 19:32:05.210998
766,Ava Davis,Male,27,Surat,2025-04-14 19:32:05.211001
767,Mason Jones,Male,26,Lucknow,2024-06-28 19:32:05.211005
768,Sophia Smith,Male,22,Chennai,2024-10-18 19:32:05.211009
769,John Martinez,Female,29,Kolkata,2024-11-26 19:32:05.211012
770,Liam Jones,Female,37,Kolkata,2025-08-31 19:32:05.211017
771,Emma Davis,Female,46,Jaipur,2025-10-14 19:32:05.211026
772,Ava Garcia,Female,22,Bangalore,2025-07-09 19:32:05.211030
773,Emma Jones,Male,22,Delhi,2024-01-12 19:32:05.211033
774,John Taylor,Male,59,Mumbai,2025-12-03 19:32:05.211037
775,Ethan Smith,Female,60,Surat,2024-03-29 19:32:05.211041
776,Liam Davis,Female,31,Jaipur,2024-12-25 19:32:05.211045
777,Ethan Davis,Male,58,Delhi,2025-02-12 19:32:05.211048
778,Noah Miller,Female,52,Delhi,2026-02-02 19:32:05.211053
779,Sophia Garcia,Female,59,Jaipur,2023-08-14 19:32:05.211060
780,Liam Martinez,Female,29,Mumbai,2025-09-09 19:32:05.211066
781,Ava Williams,Male,34,Hyderabad,2024-02-11 19:32:05.211071
782,Isabella Martinez,Male,40,Surat,2024-02-22 19:32:05.211079
783,Noah Martinez,Female,52,Surat,2025-09-19 19:32:05.211084
784,Sophia Johnson,Male,49,Surat,2023-07-31 19:32:05.211088
785,Olivia Smith,Female,48,Chennai,2024-06-18 19:32:05.211091
786,Liam Johnson,Female,46,Bangalore,2024-10-07 19:32:05.211095
787,Liam Miller,Male,20,Lucknow,2023-09-19 19:32:05.211098
788,John Taylor,Female,49,Lucknow,2023-06-29 19:32:05.211102
789,Ethan Brown,Female,56,Delhi,2025-01-12 19:32:05.211106
790,Ava Davis,Male,27,Kolkata,2025-10-21 19:32:05.211110
791,Emma Garcia,Female,57,Jaipur,2025-05-26 19:32:05.211113
792,Ethan Williams,Female,34,Jaipur,2025-08-05 19:32:05.211117
793,Mason Jones,Female,34,Kolkata,2025-03-02 19:32:05.211121
794,Ava Miller,Female,33,Surat,2024-02-12 19:32:05.211125
795,Olivia Miller,Male,18,Lucknow,2025-09-21 19:32:05.211128
796,John Johnson,Male,43,Bangalore,2023-12-23 19:32:05.211133
797,Emma Martinez,Male,51,Kolkata,2024-02-07 19:32:05.211137
798,Liam Smith,Male,21,Delhi,2024-04-07 19:32:05.211141
799,Noah Williams,Male,38,Jaipur,2023-08-09 19:32:05.211145
800,Ethan Jones,Female,26,Chennai,2025-09-02 19:32:05.211164
801,Liam Williams,Male,60,Pune,2023-06-22 19:32:05.211168
802,Noah Martinez,Female,55,Kolkata,2025-06-02 19:32:05.211172
803,Noah Jones,Male,23,Jaipur,2026-02-08 19:32:05.211176
804,Emma Jones,Male,42,Lucknow,2023-09-14 19:32:05.211180
805,Ava Garcia,Female,47,Lucknow,2023-06-29 19:32:05.211185
806,Mason Jones,Female,25,Mumbai,2026-01-10 19:32:05.211195
807,Liam Davis,Male,47,Mumbai,2023-12-10 19:32:05.211204
808,Ethan Williams,Male,20,Pune,2024-06-24 19:32:05.211213
809,Isabella Taylor,Female,60,Delhi,2023-07-07 19:32:05.211222
810,John Martinez,Female,50,Kolkata,2025-02-04 19:32:05.211231
811,John Johnson,Female,49,Pune,2023-07-22 19:32:05.211239
812,Emma Garcia,Male,58,Mumbai,2024-08-11 19:32:05.211249
813,Ethan Davis,Female,19,Mumbai,2024-03-21 19:32:05.211258
814,Isabella Miller,Male,22,Bangalore,2025-09-18 19:32:05.211267
815,Ava Garcia,Female,55,Surat,2023-10-02 19:32:05.211277
816,Emma Miller,Female,30,Mumbai,2025-09-03 19:32:05.211300
817,Sophia Johnson,Female,34,Mumbai,2025-11-25 19:32:05.211308
818,Olivia Taylor,Female,43,Jaipur,2023-07-21 19:32:05.211318
819,Mason Williams,Male,40,Kolkata,2024-11-22 19:32:05.211327
820,Mason Garcia,Male,30,Delhi,2023-09-12 19:32:05.211335
821,John Taylor,Female,27,Bangalore,2024-08-24 19:32:05.211345
822,Olivia Brown,Male,22,Bangalore,2025-06-26 19:32:05.211391
823,Noah Miller,Female,51,Chennai,2024-06-13 19:32:05.211399
824,Ethan Jones,Male,41,Hyderabad,2023-08-06 19:32:05.211402
825,John Miller,Male,34,Jaipur,2025-07-09 19:32:05.211406
826,Mason Jones,Female,34,Bangalore,2024-05-27 19:32:05.211410
827,John Williams,Female,50,Surat,2025-06-23 19:32:05.211413
828,John Jones,Male,42,Kolkata,2025-10-05 19:32:05.211417
829,Ethan Martinez,Male,32,Kolkata,2024-09-14 19:32:05.211420
830,Ethan Miller,Male,20,Chennai,2025-10-05 19:32:05.211424
831,Ethan Martinez,Female,23,Chennai,2023-10-05 19:32:05.211428
832,Isabella Johnson,Female,30,Chennai,2024-12-08 19:32:05.211432
833,Liam Martinez,Male,41,Lucknow,2024-02-02 19:32:05.211436
834,Olivia Brown,Male,57,Pune,2025-05-13 19:32:05.211439
835,Isabella Johnson,Male,22,Hyderabad,2025-08-03 19:32:05.211442
836,Liam Davis,Male,24,Jaipur,2024-04-18 19:32:05.211446
837,Ava Miller,Female,49,Chennai,2026-01-14 19:32:05.211450
838,Noah Brown,Male,39,Kolkata,2025-02-21 19:32:05.211454
839,Mason Davis,Male,25,Lucknow,2025-06-06 19:32:05.211458
840,Mason Garcia,Female,59,Pune,2026-01-23 19:32:05.211462
841,Ethan Garcia,Female,21,Lucknow,2023-08-15 19:32:05.211465
842,Isabella Davis,Female,44,Surat,2025-04-22 19:32:05.211468
843,Olivia Johnson,Male,51,Jaipur,2023-08-18 19:32:05.211472
844,Mason Johnson,Female,44,Surat,2026-01-22 19:32:05.211476
845,Emma Johnson,Male,35,Hyderabad,2024-07-22 19:32:05.211479
846,Ethan Miller,Female,32,Mumbai,2025-08-05 19:32:05.211483
847,Isabella Brown,Female,20,Delhi,2024-02-13 19:32:05.211487
848,Ethan Garcia,Male,39,Lucknow,2025-07-24 19:32:05.211490
849,Mason Taylor,Female,29,Chennai,2023-09-07 19:32:05.211494
850,Sophia Jones,Female,26,Pune,2024-04-02 19:32:05.211498
851,Emma Williams,Female,20,Mumbai,2024-04-10 19:32:05.211501
852,Emma Taylor,Female,52,Delhi,2024-03-23 19:32:05.211505
853,Emma Jones,Female,54,Hyderabad,2024-05-01 19:32:05.211509
854,Olivia Brown,Male,52,Lucknow,2024-07-29 19:32:05.211512
855,Ava Taylor,Female,26,Hyderabad,2024-06-23 19:32:05.211516
856,John Miller,Female,35,Chennai,2025-03-08 19:32:05.211520
857,Ethan Taylor,Male,31,Delhi,2023-11-05 19:32:05.211523
858,Sophia Taylor,Male,46,Chennai,2025-11-20 19:32:05.211527
859,Isabella Brown,Female,49,Surat,2024-01-25 19:32:05.211530
860,Noah Taylor,Male,34,Mumbai,2025-05-09 19:32:05.211566
861,Emma Brown,Female,60,Mumbai,2024-05-09 19:32:05.211577
862,Olivia Miller,Female,18,Surat,2025-11-07 19:32:05.211584
863,Emma Williams,Female,42,Kolkata,2024-10-26 19:32:05.211588
864,Liam Martinez,Male,30,Hyderabad,2024-08-21 19:32:05.211592
865,Emma Jones,Female,25,Jaipur,2024-09-24 19:32:05.211600
866,Emma Garcia,Female,25,Chennai,2026-01-06 19:32:05.211607
867,Liam Martinez,Female,37,Lucknow,2024-03-14 19:32:05.211616
868,Ethan Miller,Female,37,Mumbai,2025-06-24 19:32:05.211625
869,Liam Miller,Male,46,Lucknow,2024-04-25 19:32:05.211635
870,Olivia Smith,Female,34,Delhi,2023-10-01 19:32:05.211644
871,Emma Smith,Female,49,Surat,2025-01-26 19:32:05.211652
872,Noah Garcia,Male,18,Chennai,2023-08-08 19:32:05.211661
873,Liam Taylor,Female,26,Delhi,2024-09-14 19:32:05.211670
874,Sophia Miller,Female,34,Mumbai,2023-12-02 19:32:05.211679
875,Isabella Martinez,Female,40,Bangalore,2024-07-24 19:32:05.211913
876,Noah Brown,Female,49,Jaipur,2024-05-08 19:32:05.211929
877,Noah Miller,Male,34,Mumbai,2025-11-01 19:32:05.211933
878,John Jones,Male,45,Hyderabad,2025-03-12 19:32:05.211937
879,John Smith,Male,21,Lucknow,2025-11-01 19:32:05.211941
880,Isabella Miller,Male,31,Bangalore,2024-09-24 19:32:05.211968
881,Sophia Taylor,Male,41,Pune,2023-07-16 19:32:05.212050
882,Noah Martinez,Female,58,Chennai,2025-09-18 19:32:05.212060
883,Liam Williams,Male,23,Mumbai,2024-06-17 19:32:05.212065
884,Liam Smith,Female,54,Kolkata,2023-11-24 19:32:05.212068
885,Liam Taylor,Female,25,Surat,2025-07-01 19:32:05.212072
886,Isabella Garcia,Male,20,Hyderabad,2025-07-06 19:32:05.212075
887,Mason Brown,Male,49,Jaipur,2023-07-27 19:32:05.212079
888,Sophia Garcia,Female,60,Chennai,2024-11-29 19:32:05.212081
889,Mason Davis,Female,53,Hyderabad,2025-01-10 19:32:05.212084
890,Mason Smith,Female,47,Bangalore,2024-07-25 19:32:05.212086
891,Noah Jones,Male,49,Jaipur,2023-09-02 19:32:05.212088
892,Sophia Martinez,Female,47,Mumbai,2023-10-24 19:32:05.212090
893,Isabella Williams,Female,34,Hyderabad,2026-01-19 19:32:05.212093
894,Ava Garcia,Female,43,Lucknow,2023-10-25 19:32:05.212095
895,Liam Williams,Male,48,Lucknow,2024-04-16 19:32:05.212097
896,Olivia Martinez,Female,56,Surat,2025-06-08 19:32:05.212099
897,Liam Garcia,Male,42,Kolkata,2024-05-08 19:32:05.212101
898,Isabella Garcia,Male,32,Chennai,2023-11-15 19:32:05.212103
899,Mason Brown,Female,40,Pune,2023-09-16 19:32:05.212106
900,John Smith,Female,35,Surat,2023-07-02 19:32:05.212108
901,Noah Martinez,Female,21,Kolkata,2024-10-28 19:32:05.212110
902,Emma Miller,Male,55,Delhi,2024-04-25 19:32:05.212112
903,John Johnson,Male,27,Surat,2023-11-23 19:32:05.212114
904,Ava Williams,Female,20,Surat,2026-01-13 19:32:05.212116
905,Emma Davis,Female,22,Bangalore,2025-05-17 19:32:05.212119
906,Ethan Johnson,Male,43,Delhi,2023-06-29 19:32:05.212121
907,Noah Brown,Female,46,Kolkata,2024-11-04 19:32:05.212123
908,Olivia Jones,Male,20,Pune,2024-11-21 19:32:05.212125
909,Noah Garcia,Male,46,Hyderabad,2024-11-25 19:32:05.212127
910,John Davis,Male,20,Jaipur,2026-01-08 19:32:05.212130
911,Emma Miller,Male,40,Bangalore,2024-09-27 19:32:05.212132
912,Isabella Smith,Male,31,Jaipur,2024-05-14 19:32:05.212134
913,Liam Taylor,Male,21,Bangalore,2023-12-30 19:32:05.212136
914,Emma Taylor,Female,47,Surat,2024-01-20 19:32:05.212138
915,John Davis,Male,48,Chennai,2026-02-13 19:32:05.212141
916,Liam Taylor,Male,28,Lucknow,2025-09-04 19:32:05.212143
917,Ethan Jones,Male,53,Jaipur,2023-12-09 19:32:05.212145
918,Olivia Taylor,Male,60,Bangalore,2024-05-18 19:32:05.212147
919,Noah Miller,Female,30,Bangalore,2024-02-09 19:32:05.212150
920,Olivia Brown,Female,37,Jaipur,2023-08-05 19:32:05.212152
921,Noah Garcia,Female,60,Chennai,2024-11-30 19:32:05.212154
922,Ava Williams,Male,55,Bangalore,2025-05-13 19:32:05.212156
923,Isabella Williams,Male,47,Delhi,2025-05-02 19:32:05.212158
924,Mason Davis,Female,19,Surat,2023-09-19 19:32:05.212161
925,John Miller,Male,37,Delhi,2025-06-16 19:32:05.212162
926,Ava Garcia,Male,31,Kolkata,2025-08-19 19:32:05.212165
927,Ava Smith,Male,48,Pune,2025-11-09 19:32:05.212167
928,Liam Davis,Male,45,Bangalore,2023-07-24 19:32:05.212169
929,John Davis,Male,51,Pune,2023-06-28 19:32:05.212172
930,Ava Davis,Female,48,Hyderabad,2024-06-06 19:32:05.212173
931,Isabella Jones,Male,53,Hyderabad,2025-02-08 19:32:05.212176
932,Ava Davis,Female,28,Surat,2025-09-13 19:32:05.212178
933,Ava Johnson,Male,25,Jaipur,2024-11-15 19:32:05.212180
934,Isabella Williams,Male,54,Jaipur,2025-08-10 19:32:05.212182
935,Olivia Johnson,Male,51,Surat,2025-12-24 19:32:05.212184
936,Ethan Martinez,Female,26,Chennai,2024-09-05 19:32:05.212187
937,Mason Taylor,Female,19,Lucknow,2025-12-23 19:32:05.212189
938,John Williams,Male,40,Kolkata,2025-08-03 19:32:05.212191
939,Mason Johnson,Female,26,Bangalore,2025-12-05 19:32:05.212193
940,Liam Johnson,Male,50,Surat,2025-12-25 19:32:05.212195
941,Liam Smith,Female,28,Kolkata,2026-02-13 19:32:05.212197
942,Olivia Jones,Female,52,Mumbai,2025-11-25 19:32:05.212199
943,Olivia Brown,Male,51,Mumbai,2024-08-04 19:32:05.212202
944,Liam Smith,Male,29,Mumbai,2025-03-14 19:32:05.212204
945,Sophia Jones,Female,24,Bangalore,2025-12-22 19:32:05.212206
946,Isabella Miller,Female,19,Pune,2025-08-02 19:32:05.212208
947,John Martinez,Female,21,Pune,2023-08-16 19:32:05.212211
948,Mason Davis,Male,43,Surat,2023-12-18 19:32:05.212213
949,Ethan Martinez,Male,42,Bangalore,2024-04-11 19:32:05.212215
950,Emma Williams,Male,24,Surat,2024-10-31 19:32:05.212217
951,Isabella Jones,Female,51,Kolkata,2025-05-31 19:32:05.212260
952,Ethan Martinez,Male,42,Jaipur,2025-12-26 19:32:05.212273
953,Sophia Miller,Female,37,Delhi,2023-08-02 19:32:05.212279
954,John Martinez,Female,33,Pune,2024-01-17 19:32:05.212283
955,Olivia Jones,Female,32,Jaipur,2023-08-28 19:32:05.212286
956,Sophia Miller,Male,39,Chennai,2025-10-25 19:32:05.212290
957,John Taylor,Male,45,Delhi,2024-07-12 19:32:05.212294
958,Olivia Garcia,Male,55,Jaipur,2024-07-13 19:32:05.212298
959,Sophia Davis,Female,28,Surat,2023-09-14 19:32:05.212301
960,Isabella Taylor,Male,40,Chennai,2023-10-11 19:32:05.212305
961,Noah Jones,Female,30,Pune,2023-10-27 19:32:05.212308
962,Ethan Johnson,Male,41,Mumbai,2025-04-30 19:32:05.212312
963,Isabella Brown,Male,30,Pune,2024-09-15 19:32:05.212315
964,Isabella Johnson,Male,33,Kolkata,2024-06-13 19:32:05.212319
965,John Taylor,Female,30,Bangalore,2023-11-26 19:32:05.212323
966,Liam Williams,Male,54,Hyderabad,2023-07-05 19:32:05.212326
967,Isabella Garcia,Male,51,Kolkata,2025-05-11 19:32:05.212329
968,Noah Smith,Male,19,Bangalore,2024-01-12 19:32:05.212333
969,Emma Taylor,Female,60,Pune,2025-12-25 19:32:05.212337
970,Emma Taylor,Male,47,Kolkata,2025-03-30 19:32:05.212341
971,John Martinez,Female,21,Kolkata,2024-01-23 19:32:05.212344
972,Mason Smith,Male,31,Chennai,2024-03-31 19:32:05.212348
973,Mason Miller,Male,35,Jaipur,2025-02-05 19:32:05.212351
974,Olivia Martinez,Female,22,Chennai,2025-03-17 19:32:05.212358
975,Ethan Taylor,Male,34,Mumbai,2024-12-22 19:32:05.212363
976,Emma Williams,Male,52,Jaipur,2023-10-19 19:32:05.212367
977,Mason Garcia,Female,26,Pune,2025-10-30 19:32:05.212370
978,Sophia Miller,Male,48,Chennai,2024-12-29 19:32:05.212372
979,Isabella Davis,Male,40,Kolkata,2025-06-26 19:32:05.212376
980,Ava Smith,Male,37,Bangalore,2024-03-14 19:32:05.212381
981,Mason Smith,Male,28,Pune,2024-09-28 19:32:05.212386
982,Ethan Williams,Female,52,Delhi,2023-07-17 19:32:05.212391
983,John Davis,Female,53,Hyderabad,2023-09-17 19:32:05.212395
984,Mason Garcia,Female,57,Kolkata,2023-12-20 19:32:05.212400
985,Ava Garcia,Female,22,Jaipur,2025-01-29 19:32:05.212405
986,Liam Davis,Female,21,Kolkata,2025-01-03 19:32:05.212409
987,Noah Jones,Male,54,Lucknow,2025-12-26 19:32:05.212415
988,Emma Davis,Male,40,Kolkata,2023-12-27 19:32:05.212420
989,Ethan Miller,Female,51,Jaipur,2025-10-13 19:32:05.212425
990,Noah Taylor,Female,43,Delhi,2023-12-23 19:32:05.212429
991,Mason Johnson,Female,51,Lucknow,2024-07-23 19:32:05.212433
992,Noah Martinez,Male,59,Mumbai,2024-06-02 19:32:05.212438
993,Liam Jones,Female,25,Lucknow,2023-07-27 19:32:05.212443
994,Sophia Taylor,Male,22,Surat,2025-05-15 19:32:05.212448
995,Olivia Williams,Female,50,Delhi,2023-12-23 19:32:05.212452
996,Mason Miller,Male,53,Surat,2023-07-18 19:32:05.212457
997,Isabella Johnson,Male,24,Surat,2025-06-13 19:32:05.212462
998,Isabella Brown,Male,51,Mumbai,2024-07-31 19:32:05.212466
999,Mason Miller,Female,56,Delhi,2023-08-08 19:32:05.212471
1000,Olivia Taylor,Male,28,Pune,2026-02-09 19:32:05.212476
1001,Emma Garcia,Male,20,Jaipur,2023-10-20 19:32:05.212481
1002,Liam Smith,Female,54,Jaipur,2025-11-26 19:32:05.212486
1003,Mason Smith,Female,26,Mumbai,2023-10-13 19:32:05.212490
1004,Ethan Garcia,Male,25,Kolkata,2023-09-09 19:32:05.212495
1005,Liam Brown,Female,40,Pune,2025-07-26 19:32:05.212499
1006,Ethan Davis,Female,31,Kolkata,2025-02-25 19:32:05.212504
1007,Liam Smith,Female,38,Kolkata,2024-07-09 19:32:05.212509
1008,Sophia Garcia,Male,43,Lucknow,2024-01-15 19:32:05.212513
1009,Mason Miller,Female,38,Pune,2024-02-22 19:32:05.212518
1010,Sophia Taylor,Female,54,Delhi,2024-01-01 19:32:05.212523
1011,John Miller,Male,51,Jaipur,2025-11-24 19:32:05.212528
1012,Mason Garcia,Male,20,Kolkata,2026-02-10 19:32:05.212532
1013,Mason Jones,Female,25,Jaipur,2025-03-27 19:32:05.212537
1014,Noah Williams,Female,35,Kolkata,2025-12-03 19:32:05.212542
1015,Olivia Smith,Female,43,Mumbai,2026-01-17 19:32:05.212547
1016,Emma Taylor,Female,44,Surat,2023-11-24 19:32:05.212553
1017,Ava Williams,Male,39,Bangalore,2025-12-04 19:32:05.212557
1018,Emma Martinez,Male,25,Kolkata,2025-01-02 19:32:05.212562
1019,Olivia Smith,Male,28,Kolkata,2025-07-17 19:32:05.212567
1020,Olivia Williams,Female,45,Kolkata,2025-09-21 19:32:05.212571
1021,Sophia Williams,Male,45,Lucknow,2024-02-27 19:32:05.212576
1022,Noah Taylor,Female,38,Lucknow,2023-12-08 19:32:05.212581
1023,Liam Taylor,Female,37,Surat,2025-07-18 19:32:05.212586
1024,Sophia Martinez,Female,38,Delhi,2024-03-29 19:32:05.212590
1025,Isabella Brown,Male,54,Delhi,2024-09-30 19:32:05.212595
1026,Ava Taylor,Male,19,Hyderabad,2024-07-18 19:32:05.212600
1027,Noah Davis,Female,36,Pune,2024-02-16 19:32:05.212605
1028,Mason Taylor,Male,31,Mumbai,2025-02-08 19:32:05.212609
1029,Noah Davis,Female,50,Hyderabad,2025-03-16 19:32:05.212614
1030,Liam Garcia,Male,28,Bangalore,2023-10-17 19:32:05.212619
1031,Liam Williams,Male,43,Chennai,2025-08-02 19:32:05.212623
1032,John Brown,Male,27,Bangalore,2024-10-31 19:32:05.212628
1033,Liam Davis,Male,45,Surat,2024-04-16 19:32:05.212632
1034,John Martinez,Male,60,Delhi,2025-03-27 19:32:05.212637
1035,Mason Miller,Male,54,Kolkata,2024-12-18 19:32:05.212642
1036,John Davis,Male,39,Jaipur,2025-03-15 19:32:05.212647
1037,Isabella Johnson,Female,49,Chennai,2023-11-06 19:32:05.212652
1038,Olivia Garcia,Male,43,Pune,2024-07-04 19:32:05.212657
1039,John Taylor,Female,39,Chennai,2026-01-26 19:32:05.212662
1040,Isabella Taylor,Male,56,Jaipur,2025-11-03 19:32:05.212666
1041,Sophia Jones,Female,30,Delhi,2024-10-06 19:32:05.212671
1042,John Miller,Female,31,Lucknow,2025-06-22 19:32:05.212676
1043,Ava Davis,Male,27,Hyderabad,2025-03-11 19:32:05.212680
1044,Ethan Johnson,Female,35,Bangalore,2024-09-17 19:32:05.212688
1045,Sophia Miller,Male,41,Delhi,2024-12-09 19:32:05.212697
1046,Ava Smith,Female,34,Kolkata,2024-05-16 19:32:05.212704
1047,John Johnson,Male,32,Bangalore,2024-03-18 19:32:05.212712
1048,Olivia Johnson,Male,59,Bangalore,2025-05-13 19:32:05.212720
1049,Sophia Garcia,Male,39,Hyderabad,2023-12-21 19:32:05.212727
1050,Olivia Smith,Female,18,Lucknow,2025-11-26 19:32:05.212768
1051,Olivia Miller,Male,31,Hyderabad,2023-12-30 19:32:05.212781
1052,Ethan Martinez,Female,21,Pune,2025-05-12 19:32:05.212789
1053,Isabella Martinez,Male,29,Delhi,2025-03-03 19:32:05.212797
1054,Ava Jones,Female,19,Delhi,2024-06-30 19:32:05.212806
1055,Mason Taylor,Female,38,Bangalore,2024-03-31 19:32:05.212815
1056,Olivia Martinez,Male,57,Hyderabad,2024-05-03 19:32:05.212824
1057,Emma Miller,Female,46,Mumbai,2025-01-23 19:32:05.212833
1058,Sophia Williams,Male,36,Chennai,2024-06-02 19:32:05.212839
1059,Ethan Brown,Female,34,Lucknow,2025-03-24 19:32:05.212844
1060,Isabella Garcia,Female,53,Pune,2024-07-02 19:32:05.212849
1061,Ava Williams,Female,32,Delhi,2024-03-01 19:32:05.212853
1062,Emma Brown,Male,18,Bangalore,2025-05-08 19:32:05.212858
1063,Sophia Smith,Female,29,Chennai,2024-07-23 19:32:05.212863
1064,Emma Martinez,Male,41,Jaipur,2025-12-03 19:32:05.212867
1065,Ava Johnson,Male,19,Lucknow,2024-07-28 19:32:05.212874
1066,Sophia Martinez,Female,19,Kolkata,2025-04-19 19:32:05.212883
1067,Mason Martinez,Male,35,Chennai,2024-03-28 19:32:05.212891
1068,Emma Williams,Male,29,Bangalore,2024-07-28 19:32:05.212900
1069,Liam Johnson,Female,22,Lucknow,2024-10-25 19:32:05.212908
1070,Olivia Jones,Male,20,Surat,2025-07-11 19:32:05.212916
1071,Emma Martinez,Male,25,Hyderabad,2024-05-05 19:32:05.212924
1072,Olivia Williams,Male,37,Hyderabad,2024-12-20 19:32:05.212970
1073,Sophia Davis,Female,30,Kolkata,2025-04-01 19:32:05.212976
1074,Olivia Brown,Female,27,Surat,2024-08-02 19:32:05.212981
1075,John Taylor,Male,40,Jaipur,2024-09-09 19:32:05.212985
1076,Emma Brown,Male,39,Chennai,2025-12-01 19:32:05.213018
1077,Liam Taylor,Female,51,Surat,2025-12-29 19:32:05.213027
1078,John Taylor,Male,55,Hyderabad,2025-01-16 19:32:05.213031
1079,Emma Taylor,Female,44,Delhi,2024-09-24 19:32:05.213035
1080,Isabella Williams,Male,48,Delhi,2024-06-24 19:32:05.213039
1081,Mason Johnson,Female,55,Jaipur,2024-11-13 19:32:05.213042
1082,John Johnson,Female,55,Jaipur,2025-10-04 19:32:05.213046
1083,Ethan Garcia,Male,32,Jaipur,2025-03-21 19:32:05.213050
1084,Isabella Johnson,Female,43,Chennai,2025-04-03 19:32:05.213053
1085,Noah Martinez,Male,52,Bangalore,2025-11-30 19:32:05.213057
1086,John Davis,Female,60,Bangalore,2024-08-27 19:32:05.213061
1087,Ava Miller,Female,41,Jaipur,2025-03-06 19:32:05.213064
1088,Sophia Miller,Female,33,Lucknow,2025-07-31 19:32:05.213068
1089,John Jones,Male,50,Surat,2023-09-20 19:32:05.213072
1090,Isabella Martinez,Male,23,Delhi,2025-10-07 19:32:05.213077
1091,Sophia Jones,Female,49,Lucknow,2023-12-03 19:32:05.213081
1092,Ava Davis,Male,27,Jaipur,2023-08-01 19:32:05.213084
1093,Ava Miller,Female,22,Bangalore,2025-06-07 19:32:05.213088
1094,Liam Taylor,Male,33,Delhi,2023-07-19 19:32:05.213092
1095,Ava Taylor,Female,26,Hyderabad,2026-01-02 19:32:05.213096
1096,Olivia Garcia,Female,49,Surat,2024-03-01 19:32:05.213099
1097,Olivia Miller,Female,57,Chennai,2025-12-14 19:32:05.213103
1098,Ava Williams,Female,51,Kolkata,2025-03-08 19:32:05.213107
1099,Noah Smith,Male,56,Pune,2024-02-10 19:32:05.213110
1100,Isabella Martinez,Male,37,Chennai,2024-03-12 19:32:05.213114
1101,Ethan Martinez,Male,22,Chennai,2025-10-21 19:32:05.213118
1102,Ethan Johnson,Female,26,Surat,2024-06-21 19:32:05.213125
1103,Sophia Garcia,Female,31,Bangalore,2024-09-13 19:32:05.213129
1104,Ethan Williams,Female,46,Mumbai,2025-11-17 19:32:05.213133
1105,Ava Williams,Female,36,Jaipur,2024-09-21 19:32:05.213137
1106,John Brown,Female,51,Chennai,2025-08-18 19:32:05.213140
1107,Olivia Smith,Female,59,Delhi,2024-10-29 19:32:05.213144
1108,Emma Martinez,Female,27,Mumbai,2025-12-17 19:32:05.213148
1109,Noah Smith,Male,29,Hyderabad,2024-02-02 19:32:05.213152
1110,Liam Williams,Male,50,Hyderabad,2024-11-08 19:32:05.213156
1111,Sophia Williams,Female,57,Bangalore,2024-10-30 19:32:05.213160
1112,Ethan Garcia,Female,23,Bangalore,2025-12-24 19:32:05.213164
1113,Olivia Johnson,Male,25,Hyderabad,2025-03-25 19:32:05.213168
1114,Olivia Brown,Male,40,Chennai,2025-10-10 19:32:05.213172
1115,Sophia Martinez,Female,37,Kolkata,2025-07-15 19:32:05.213175
1116,Liam Miller,Male,53,Surat,2023-12-13 19:32:05.213179
1117,Isabella Miller,Female,42,Hyderabad,2023-12-22 19:32:05.213183
1118,Noah Smith,Female,42,Pune,2024-12-30 19:32:05.213187
1119,Emma Smith,Male,44,Surat,2025-03-06 19:32:05.213191
1120,Sophia Taylor,Female,19,Bangalore,2024-07-30 19:32:05.213196
1121,Ava Brown,Male,49,Surat,2025-01-06 19:32:05.213200
1122,Emma Jones,Female,57,Hyderabad,2024-09-25 19:32:05.213204
1123,Sophia Garcia,Female,27,Bangalore,2025-02-19 19:32:05.213209
1124,Sophia Miller,Male,50,Kolkata,2025-09-14 19:32:05.213214
1125,Liam Smith,Male,60,Kolkata,2024-02-29 19:32:05.213217
1126,Liam Smith,Female,56,Hyderabad,2025-06-02 19:32:05.213222
1127,Emma Smith,Female,43,Lucknow,2025-06-04 19:32:05.213226
1128,Ethan Williams,Male,31,Lucknow,2024-09-02 19:32:05.213230
1129,Ethan Johnson,Female,31,Jaipur,2024-03-25 19:32:05.213234
1130,Mason Taylor,Female,59,Lucknow,2025-11-26 19:32:05.213238
1131,Olivia Jones,Male,59,Bangalore,2025-01-07 19:32:05.213244
1132,Liam Martinez,Female,31,Mumbai,2025-02-25 19:32:05.213248
1133,Olivia Jones,Male,36,Hyderabad,2025-05-26 19:32:05.213252
1134,John Brown,Male,52,Hyderabad,2023-10-13 19:32:05.213257
1135,Emma Brown,Female,47,Chennai,2024-08-20 19:32:05.213261
1136,Sophia Jones,Female,52,Hyderabad,2025-09-24 19:32:05.213265
1137,Sophia Davis,Female,22,Jaipur,2024-12-08 19:32:05.213269
1138,Sophia Brown,Male,24,Surat,2023-07-23 19:32:05.213273
1139,Sophia Davis,Male,37,Hyderabad,2025-03-25 19:32:05.213279
1140,Sophia Garcia,Male,43,Jaipur,2024-07-10 19:32:05.213322
1141,Liam Miller,Female,59,Hyderabad,2024-12-23 19:32:05.213331
1142,Emma Smith,Female,57,Hyderabad,2025-04-04 19:32:05.213334
1143,Ethan Taylor,Female,48,Mumbai,2024-12-06 19:32:05.213336
1144,Sophia Davis,Female,29,Kolkata,2025-01-06 19:32:05.213339
1145,Isabella Taylor,Male,32,Chennai,2025-12-20 19:32:05.213341
1146,Liam Miller,Male,52,Bangalore,2025-01-03 19:32:05.213344
1147,Mason Brown,Female,18,Surat,2024-03-13 19:32:05.213346
1148,Isabella Miller,Male,20,Lucknow,2025-02-26 19:32:05.213348
1149,Ethan Williams,Female,51,Surat,2023-10-15 19:32:05.213351
1150,Mason Smith,Male,21,Surat,2026-01-09 19:32:05.213353
1151,Olivia Garcia,Male,57,Jaipur,2024-05-29 19:32:05.213356
1152,John Jones,Female,31,Bangalore,2025-08-13 19:32:05.213358
1153,Sophia Martinez,Female,44,Jaipur,2025-05-21 19:32:05.213360
1154,Ethan Miller,Male,42,Lucknow,2024-11-24 19:32:05.213362
1155,Olivia Johnson,Female,45,Chennai,2024-05-07 19:32:05.213364
1156,Sophia Garcia,Male,46,Bangalore,2025-04-23 19:32:05.213366
1157,Ethan Garcia,Male,32,Hyderabad,2023-10-23 19:32:05.213369
1158,Ethan Smith,Male,47,Bangalore,2024-02-24 19:32:05.213371
1159,Isabella Taylor,Male,59,Mumbai,2024-09-03 19:32:05.213373
1160,Olivia Miller,Male,42,Surat,2025-08-12 19:32:05.213375
1161,Ethan Taylor,Male,51,Delhi,2024-04-04 19:32:05.213377
1162,Ava Martinez,Male,56,Lucknow,2025-03-17 19:32:05.213379
1163,John Garcia,Female,20,Hyderabad,2024-09-10 19:32:05.213381
1164,Noah Davis,Male,30,Chennai,2023-09-14 19:32:05.213383
1165,Ava Smith,Male,30,Lucknow,2024-02-09 19:32:05.213386
1166,Noah Davis,Female,56,Lucknow,2024-10-20 19:32:05.213387
1167,Ethan Taylor,Male,40,Kolkata,2025-05-28 19:32:05.213390
1168,Emma Martinez,Female,42,Jaipur,2023-10-15 19:32:05.213392
1169,Ethan Williams,Male,38,Kolkata,2024-12-16 19:32:05.213394
1170,Ava Davis,Female,50,Pune,2025-01-01 19:32:05.213396
1171,Liam Johnson,Female,22,Bangalore,2024-12-19 19:32:05.213398
1172,Liam Smith,Female,29,Pune,2024-11-26 19:32:05.213401
1173,Olivia Taylor,Female,49,Mumbai,2026-01-17 19:32:05.213403
1174,Olivia Jones,Female,25,Hyderabad,2024-01-16 19:32:05.213405
1175,John Miller,Female,58,Pune,2024-03-02 19:32:05.213407
1176,John Miller,Female,50,Delhi,2023-06-26 19:32:05.213409
1177,Olivia Davis,Female,32,Mumbai,2024-04-30 19:32:05.213412
1178,Noah Smith,Male,37,Kolkata,2025-05-01 19:32:05.213414
1179,Sophia Davis,Male,56,Bangalore,2025-03-10 19:32:05.213416
1180,Liam Brown,Male,23,Chennai,2024-06-23 19:32:05.213418
1181,Liam Johnson,Female,28,Surat,2025-05-03 19:32:05.213421
1182,Noah Davis,Female,34,Hyderabad,2024-04-24 19:32:05.213423
1183,Emma Taylor,Male,28,Pune,2024-08-16 19:32:05.213425
1184,Sophia Johnson,Male,51,Bangalore,2024-02-05 19:32:05.213427
1185,Ava Martinez,Male,48,Chennai,2023-08-17 19:32:05.213429
1186,Olivia Taylor,Female,44,Chennai,2025-12-23 19:32:05.213432
1187,John Brown,Male,60,Hyderabad,2024-10-12 19:32:05.213434
1188,Sophia Davis,Male,57,Bangalore,2024-10-03 19:32:05.213436
1189,Sophia Miller,Male,56,Jaipur,2024-05-10 19:32:05.213438
1190,Noah Jones,Male,44,Delhi,2023-09-23 19:32:05.213440
1191,Ava Taylor,Female,30,Pune,2025-09-06 19:32:05.213442
1192,Isabella Williams,Female,21,Jaipur,2024-11-01 19:32:05.213445
1193,Mason Davis,Female,34,Kolkata,2025-07-13 19:32:05.213447
1194,John Taylor,Female,45,Pune,2025-10-31 19:32:05.213449
1195,Ava Brown,Male,48,Bangalore,2026-01-22 19:32:05.213451
1196,John Davis,Female,43,Chennai,2023-10-10 19:32:05.213454
1197,John Taylor,Female,51,Mumbai,2024-01-30 19:32:05.213458
1198,Isabella Williams,Female,20,Chennai,2025-06-24 19:32:05.213461
1199,Liam Miller,Male,49,Jaipur,2024-11-04 19:32:05.213464
1200,Mason Davis,Female,40,Chennai,2024-06-08 19:32:05.213468
1201,Noah Martinez,Male,48,Pune,2025-10-20 19:32:05.213471
1202,Olivia Johnson,Female,54,Bangalore,2025-04-11 19:32:05.213474
1203,Emma Garcia,Female,27,Hyderabad,2025-09-29 19:32:05.213478
1204,Isabella Taylor,Female,46,Bangalore,2025-02-10 19:32:05.213481
1205,Liam Garcia,Male,29,Surat,2023-10-21 19:32:05.213485
1206,Noah Jones,Male,32,Chennai,2024-08-03 19:32:05.213489
1207,Mason Jones,Male,29,Pune,2023-12-11 19:32:05.213491
1208,Liam Smith,Male,30,Mumbai,2025-06-24 19:32:05.213494
1209,Mason Johnson,Female,52,Jaipur,2023-10-24 19:32:05.213496
1210,Sophia Garcia,Male,60,Jaipur,2025-08-21 19:32:05.213498
1211,Emma Williams,Female,33,Hyderabad,2025-06-18 19:32:05.213503
1212,Emma Davis,Female,24,Lucknow,2025-07-01 19:32:05.213505
1213,Sophia Jones,Female,47,Mumbai,2024-07-29 19:32:05.213508
1214,Ethan Johnson,Female,24,Bangalore,2023-07-16 19:32:05.213510
1215,Mason Jones,Female,21,Lucknow,2024-05-18 19:32:05.213512
1216,Mason Johnson,Male,40,Bangalore,2026-01-12 19:32:05.213515
1217,Noah Garcia,Male,36,Kolkata,2024-10-31 19:32:05.213517
1218,Ava Taylor,Male,29,Surat,2025-01-03 19:32:05.213520
1219,Mason Garcia,Male,57,Lucknow,2024-08-12 19:32:05.213522
1220,Liam Jones,Female,37,Lucknow,2025-02-07 19:32:05.213524
1221,Emma Johnson,Male,36,Kolkata,2025-05-08 19:32:05.213526
1222,Noah Davis,Male,35,Kolkata,2025-12-20 19:32:05.213528
1223,Noah Davis,Male,54,Delhi,2024-03-31 19:32:05.213531
1224,John Taylor,Male,45,Mumbai,2025-11-18 19:32:05.213533
1225,Olivia Miller,Male,31,Bangalore,2025-02-09 19:32:05.213535
1226,Sophia Brown,Male,20,Jaipur,2024-08-03 19:32:05.213537
1227,Mason Johnson,Female,20,Surat,2024-06-16 19:32:05.213539
1228,Ava Jones,Male,46,Jaipur,2025-08-05 19:32:05.213541
1229,John Jones,Male,33,Lucknow,2025-09-12 19:32:05.213543
1230,Ethan Smith,Male,53,Delhi,2024-08-25 19:32:05.213546
1231,Olivia Jones,Male,18,Chennai,2024-07-20 19:32:05.213547
1232,Emma Davis,Female,33,Pune,2024-02-13 19:32:05.213550
1233,Mason Davis,Female,53,Chennai,2025-10-28 19:32:05.213552
1234,Emma Williams,Male,51,Chennai,2024-01-11 19:32:05.213554
1235,Liam Johnson,Female,48,Mumbai,2023-08-19 19:32:05.213557
1236,Ava Jones,Female,49,Lucknow,2025-09-02 19:32:05.213559
1237,Noah Taylor,Female,25,Kolkata,2024-01-13 19:32:05.213561
1238,John Martinez,Female,18,Hyderabad,2024-10-28 19:32:05.213564
1239,John Jones,Female,60,Kolkata,2024-04-01 19:32:05.213566
1240,Mason Taylor,Female,57,Jaipur,2025-04-19 19:32:05.213568
1241,John Miller,Female,48,Jaipur,2025-04-07 19:32:05.213571
1242,Mason Jones,Male,25,Jaipur,2024-11-13 19:32:05.213573
1243,Emma Johnson,Male,24,Pune,2023-12-30 19:32:05.213575
1244,Olivia Miller,Female,42,Lucknow,2025-07-09 19:32:05.213577
1245,Olivia Martinez,Female,45,Jaipur,2024-06-01 19:32:05.213579
1246,Olivia Davis,Female,52,Lucknow,2024-10-24 19:32:05.213584
1247,Liam Jones,Female,33,Kolkata,2026-01-12 19:32:05.213586
1248,Isabella Davis,Male,33,Mumbai,2025-07-07 19:32:05.213589
1249,John Johnson,Male,51,Lucknow,2024-04-05 19:32:05.213591
1250,Mason Smith,Female,41,Kolkata,2025-07-07 19:32:05.213593
1251,John Taylor,Female,51,Jaipur,2023-08-14 19:32:05.213595
1252,Mason Garcia,Female,21,Delhi,2023-07-05 19:32:05.213597
1253,Isabella Martinez,Male,46,Jaipur,2024-01-26 19:32:05.213599
1254,Olivia Brown,Female,37,Delhi,2023-08-19 19:32:05.213602
1255,Ava Jones,Male,55,Surat,2024-04-28 19:32:05.213603
1256,Liam Taylor,Female,34,Surat,2024-07-09 19:32:05.213606
1257,Emma Jones,Male,57,Mumbai,2023-12-14 19:32:05.213608
1258,Noah Brown,Male,60,Pune,2025-01-30 19:32:05.213610
1259,Isabella Williams,Female,47,Surat,2024-09-28 19:32:05.213612
1260,Noah Taylor,Male,34,Bangalore,2026-01-23 19:32:05.213614
1261,Liam Martinez,Male,25,Delhi,2025-12-02 19:32:05.213617
1262,Emma Miller,Male,57,Jaipur,2025-02-22 19:32:05.213619
1263,Sophia Garcia,Male,23,Lucknow,2025-12-10 19:32:05.213621
1264,Isabella Davis,Male,41,Pune,2024-10-14 19:32:05.213623
1265,Ava Martinez,Male,56,Bangalore,2025-03-15 19:32:05.213625
1266,Mason Martinez,Male,46,Lucknow,2024-11-13 19:32:05.213627
1267,Sophia Johnson,Female,49,Surat,2025-03-08 19:32:05.213630
1268,Noah Taylor,Male,47,Kolkata,2024-11-27 19:32:05.213632
1269,Olivia Brown,Male,32,Pune,2025-03-11 19:32:05.213634
1270,Noah Brown,Male,60,Pune,2023-09-27 19:32:05.213636
1271,John Miller,Male,58,Chennai,2025-08-27 19:32:05.213638
1272,Liam Davis,Female,38,Kolkata,2025-06-03 19:32:05.213640
1273,John Jones,Female,54,Chennai,2025-07-02 19:32:05.213643
1274,Olivia Taylor,Male,44,Delhi,2025-10-24 19:32:05.213645
1275,Mason Smith,Male,27,Mumbai,2024-03-14 19:32:05.213647
1276,John Garcia,Male,51,Hyderabad,2023-08-30 19:32:05.213649
1277,Emma Garcia,Female,23,Mumbai,2024-03-28 19:32:05.213651
1278,Ava Garcia,Male,38,Jaipur,2024-10-13 19:32:05.213653
1279,Ava Johnson,Male,48,Jaipur,2023-12-22 19:32:05.213655
1280,Sophia Miller,Female,30,Kolkata,2024-12-14 19:32:05.213658
1281,Mason Martinez,Female,28,Hyderabad,2024-08-02 19:32:05.213660
1282,Sophia Smith,Male,51,Kolkata,2025-10-17 19:32:05.213662
1283,Noah Taylor,Female,52,Bangalore,2025-05-25 19:32:05.213664
1284,Sophia Johnson,Female,25,Pune,2023-11-02 19:32:05.213666
1285,Sophia Jones,Male,20,Surat,2025-12-07 19:32:05.213668
1286,Olivia Taylor,Male,56,Delhi,2023-11-19 19:32:05.213670
1287,Emma Miller,Male,42,Bangalore,2023-07-01 19:32:05.213672
1288,Mason Taylor,Female,27,Lucknow,2025-01-15 19:32:05.213675
1289,Mason Johnson,Male,31,Surat,2025-09-17 19:32:05.213678
1290,Emma Davis,Male,40,Pune,2025-05-08 19:32:05.213680
1291,Sophia Williams,Female,53,Delhi,2023-08-30 19:32:05.213682
1292,John Johnson,Male,41,Jaipur,2023-09-03 19:32:05.213684
1293,Noah Jones,Female,19,Jaipur,2025-10-03 19:32:05.213686
1294,John Davis,Female,34,Lucknow,2025-07-29 19:32:05.213688
1295,Ethan Brown,Female,30,Surat,2023-10-01 19:32:05.213690
1296,Olivia Taylor,Female,37,Surat,2023-11-22 19:32:05.213693
1297,Mason Williams,Female,37,Bangalore,2024-06-12 19:32:05.213695
1298,Liam Smith,Female,51,Chennai,2023-10-21 19:32:05.213697
1299,Ava Williams,Female,33,Lucknow,2025-03-03 19:32:05.213699
1300,Olivia Jones,Male,59,Pune,2025-07-17 19:32:05.213701
1301,Ethan Miller,Female,55,Chennai,2025-04-12 19:32:05.213703
1302,Sophia Miller,Female,42,Pune,2025-06-08 19:32:05.213706
1303,Noah Brown,Female,39,Lucknow,2024-06-08 19:32:05.213707
1304,Emma Brown,Male,19,Lucknow,2025-07-23 19:32:05.213710
1305,Ava Taylor,Male,47,Lucknow,2024-12-09 19:32:05.213712
1306,Ethan Williams,Male,46,Delhi,2024-12-28 19:32:05.213714
1307,Liam Johnson,Male,26,Kolkata,2023-07-04 19:32:05.213716
1308,John Johnson,Male,51,Chennai,2026-01-05 19:32:05.213718
1309,Emma Johnson,Female,21,Bangalore,2024-02-03 19:32:05.213720
1310,Sophia Johnson,Male,48,Surat,2025-02-27 19:32:05.213722
1311,John Miller,Female,38,Lucknow,2024-01-15 19:32:05.213724
1312,John Johnson,Male,23,Hyderabad,2024-02-10 19:32:05.213727
1313,Emma Garcia,Male,19,Bangalore,2025-07-21 19:32:05.213729
1314,Sophia Miller,Female,18,Bangalore,2024-04-24 19:32:05.213731
1315,Ethan Johnson,Female,35,Kolkata,2023-09-22 19:32:05.213733
1316,Ava Garcia,Female,49,Surat,2026-01-09 19:32:05.213735
1317,Olivia Garcia,Male,31,Bangalore,2024-11-19 19:32:05.213737
1318,Noah Miller,Male,46,Surat,2024-07-03 19:32:05.213739
1319,Sophia Brown,Female,49,Mumbai,2025-08-25 19:32:05.213742
1320,Mason Garcia,Female,60,Surat,2024-12-17 19:32:05.213744
1321,Isabella Martinez,Male,39,Kolkata,2025-01-08 19:32:05.213746
1322,Mason Williams,Female,24,Pune,2024-01-12 19:32:05.213748
1323,Ava Smith,Male,46,Hyderabad,2025-07-02 19:32:05.213750
1324,Emma Davis,Female,42,Hyderabad,2025-01-29 19:32:05.213752
1325,Emma Garcia,Male,50,Jaipur,2024-11-05 19:32:05.213754
1326,Olivia Martinez,Male,57,Mumbai,2024-01-22 19:32:05.213756
1327,Liam Miller,Male,56,Jaipur,2026-01-18 19:32:05.213758
1328,John Brown,Male,26,Bangalore,2024-03-07 19:32:05.213761
1329,Olivia Martinez,Female,51,Bangalore,2024-10-12 19:32:05.213763
1330,Noah Jones,Female,58,Delhi,2025-01-17 19:32:05.213765
1331,Mason Smith,Female,52,Bangalore,2023-10-08 19:32:05.213767
1332,Emma Smith,Male,47,Mumbai,2025-05-07 19:32:05.213769
1333,Emma Brown,Male,39,Chennai,2025-05-29 19:32:05.213772
1334,Ava Smith,Female,35,Chennai,2023-12-02 19:32:05.213773
1335,Noah Garcia,Female,33,Bangalore,2024-02-28 19:32:05.213776
1336,Ethan Brown,Male,50,Surat,2024-09-30 19:32:05.213778
1337,Olivia Taylor,Male,59,Delhi,2024-04-08 19:32:05.213780
1338,Liam Jones,Female,37,Hyderabad,2023-10-30 19:32:05.213782
1339,Liam Taylor,Male,40,Chennai,2024-12-26 19:32:05.213784
1340,Sophia Smith,Male,55,Surat,2024-03-26 19:32:05.213786
1341,Sophia Jones,Female,55,Delhi,2025-01-11 19:32:05.213789
1342,Isabella Taylor,Male,53,Kolkata,2025-10-21 19:32:05.213791
1343,Emma Garcia,Male,20,Jaipur,2025-10-22 19:32:05.213793
1344,Ava Taylor,Female,57,Hyderabad,2026-01-11 19:32:05.213795
1345,Ava Johnson,Female,39,Chennai,2025-04-27 19:32:05.213797
1346,Ava Smith,Male,23,Surat,2024-06-28 19:32:05.213837
1347,Ava Davis,Male,19,Lucknow,2025-04-22 19:32:05.213866
1348,Ava Jones,Female,58,Chennai,2025-06-19 19:32:05.213876
1349,Olivia Martinez,Male,29,Jaipur,2024-07-21 19:32:05.213885
1350,Mason Williams,Female,37,Pune,2024-09-21 19:32:05.213894
1351,Mason Miller,Female,36,Hyderabad,2025-07-28 19:32:05.213903
1352,Isabella Jones,Female,43,Surat,2025-10-03 19:32:05.213912
1353,Isabella Brown,Male,37,Mumbai,2025-10-18 19:32:05.213920
1354,John Taylor,Female,31,Delhi,2025-11-20 19:32:05.213928
1355,Isabella Taylor,Female,54,Surat,2025-12-08 19:32:05.213936
1356,Olivia Brown,Male,27,Mumbai,2024-04-15 19:32:05.213943
1357,Noah Smith,Female,32,Chennai,2023-07-01 19:32:05.213952
1358,Sophia Garcia,Female,28,Chennai,2026-01-29 19:32:05.213960
1359,Ava Davis,Female,40,Chennai,2025-11-18 19:32:05.213968
1360,Mason Miller,Male,22,Hyderabad,2023-07-24 19:32:05.213976
1361,Isabella Williams,Female,18,Chennai,2024-02-07 19:32:05.213984
1362,Ava Williams,Male,53,Chennai,2024-11-26 19:32:05.213993
1363,Isabella Jones,Female,30,Pune,2023-07-22 19:32:05.213998
1364,Noah Johnson,Male,20,Surat,2024-06-17 19:32:05.214003
1365,Emma Jones,Male,45,Jaipur,2025-04-08 19:32:05.214008
1366,Sophia Miller,Female,27,Mumbai,2025-09-19 19:32:05.214012
1367,Mason Brown,Male,35,Surat,2024-10-17 19:32:05.214017
1368,Emma Davis,Female,50,Lucknow,2025-06-03 19:32:05.214021
1369,John Smith,Female,57,Lucknow,2023-11-17 19:32:05.214026
1370,Sophia Brown,Female,32,Hyderabad,2024-02-27 19:32:05.214031
1371,Sophia Williams,Male,18,Kolkata,2026-02-09 19:32:05.214036
1372,Ava Williams,Female,44,Delhi,2025-06-18 19:32:05.214040
1373,Sophia Williams,Female,39,Kolkata,2025-01-10 19:32:05.214045
1374,Isabella Williams,Male,57,Bangalore,2024-03-23 19:32:05.214050
1375,Noah Taylor,Female,25,Delhi,2025-12-05 19:32:05.214054
1376,Sophia Martinez,Female,41,Jaipur,2025-05-08 19:32:05.214060
1377,Olivia Brown,Female,34,Delhi,2024-01-20 19:32:05.214064
1378,Ava Brown,Male,38,Surat,2023-10-07 19:32:05.214069
1379,Olivia Garcia,Male,58,Pune,2023-10-25 19:32:05.214074
1380,Ethan Taylor,Female,29,Jaipur,2024-04-12 19:32:05.214078
1381,Ava Smith,Male,19,Chennai,2025-08-25 19:32:05.214083
1382,Noah Brown,Female,55,Bangalore,2025-08-10 19:32:05.214088
1383,Noah Smith,Male,39,Pune,2024-01-22 19:32:05.214092
1384,Noah Johnson,Female,22,Kolkata,2023-09-15 19:32:05.214097
1385,Isabella Jones,Female,24,Kolkata,2024-07-02 19:32:05.214102
1386,Mason Martinez,Female,21,Pune,2025-07-15 19:32:05.214106
1387,Ethan Jones,Female,46,Jaipur,2024-07-31 19:32:05.214111
1388,Liam Williams,Female,42,Surat,2025-08-12 19:32:05.214116
1389,Mason Johnson,Female,23,Lucknow,2024-08-15 19:32:05.214121
1390,Isabella Davis,Female,34,Lucknow,2023-09-23 19:32:05.214125
1391,Isabella Brown,Male,23,Bangalore,2025-09-10 19:32:05.214130
1392,Liam Davis,Male,25,Delhi,2024-03-09 19:32:05.214135
1393,John Davis,Female,41,Bangalore,2024-05-16 19:32:05.214139
1394,Ava Williams,Female,21,Pune,2023-07-23 19:32:05.214144
1395,Noah Taylor,Female,18,Hyderabad,2025-01-11 19:32:05.214149
1396,Isabella Williams,Female,33,Bangalore,2025-05-06 19:32:05.214154
1397,Isabella Martinez,Female,49,Delhi,2023-09-08 19:32:05.214158
1398,John Johnson,Male,55,Surat,2026-01-19 19:32:05.214163
1399,Noah Davis,Female,47,Chennai,2025-10-28 19:32:05.214168
1400,Isabella Martinez,Male,18,Hyderabad,2025-07-15 19:32:05.214173
1401,Ava Williams,Male,45,Surat,2025-02-02 19:32:05.214178
1402,John Johnson,Male,46,Bangalore,2025-04-10 19:32:05.214183
1403,Ava Miller,Male,27,Chennai,2023-09-07 19:32:05.214187
1404,Ava Smith,Male,29,Jaipur,2023-09-09 19:32:05.214192
1405,Emma Smith,Female,46,Kolkata,2024-10-17 19:32:05.214196
1406,Sophia Davis,Male,53,Mumbai,2025-08-08 19:32:05.214206
1407,Liam Miller,Female,19,Lucknow,2024-03-14 19:32:05.214211
1408,Mason Garcia,Female,56,Lucknow,2024-06-06 19:32:05.214216
1409,John Martinez,Male,39,Bangalore,2025-12-07 19:32:05.214222
1410,John Jones,Male,20,Chennai,2024-11-19 19:32:05.214227
1411,Ethan Miller,Female,34,Jaipur,2025-07-24 19:32:05.214232
1412,Sophia Taylor,Male,25,Delhi,2025-10-29 19:32:05.214237
1413,Ava Smith,Male,25,Kolkata,2025-08-23 19:32:05.214242
1414,Mason Davis,Female,40,Kolkata,2023-07-01 19:32:05.214249
1415,Ava Taylor,Female,22,Bangalore,2023-08-01 19:32:05.214257
1416,Liam Brown,Female,27,Jaipur,2025-11-20 19:32:05.214265
1417,John Garcia,Male,44,Kolkata,2023-10-19 19:32:05.214272
1418,John Smith,Male,43,Jaipur,2024-05-03 19:32:05.214280
1419,Olivia Garcia,Male,43,Surat,2025-09-07 19:32:05.214288
1420,Emma Johnson,Male,52,Lucknow,2025-01-23 19:32:05.214297
1421,Ethan Davis,Male,44,Mumbai,2023-07-02 19:32:05.214305
1422,Liam Martinez,Male,24,Mumbai,2024-12-17 19:32:05.214315
1423,Mason Davis,Male,21,Mumbai,2023-09-02 19:32:05.214322
1424,John Taylor,Female,49,Bangalore,2023-11-09 19:32:05.214330
1425,Isabella Garcia,Female,58,Hyderabad,2025-12-13 19:32:05.214338
1426,Liam Martinez,Male,18,Pune,2024-09-21 19:32:05.214345
1427,Mason Johnson,Female,52,Mumbai,2025-07-02 19:32:05.214353
1428,Emma Miller,Male,21,Mumbai,2025-03-28 19:32:05.214362
1429,Mason Taylor,Male,20,Pune,2024-04-16 19:32:05.214370
1430,Olivia Johnson,Male,23,Pune,2023-10-05 19:32:05.214378
1431,John Miller,Female,18,Chennai,2025-01-12 19:32:05.214387
1432,Isabella Brown,Male,30,Kolkata,2024-02-16 19:32:05.214395
1433,John Jones,Female,23,Jaipur,2024-04-26 19:32:05.214443
1434,Olivia Jones,Female,44,Delhi,2024-03-18 19:32:05.214449
1435,Emma Williams,Male,59,Kolkata,2025-05-05 19:32:05.214454
1436,Sophia Garcia,Male,33,Kolkata,2024-02-24 19:32:05.214460
1437,Mason Garcia,Male,18,Kolkata,2023-08-28 19:32:05.214468
1438,John Smith,Male,57,Kolkata,2024-01-28 19:32:05.214474
1439,John Brown,Female,31,Delhi,2024-08-05 19:32:05.214482
1440,Liam Davis,Female,53,Kolkata,2025-04-02 19:32:05.214488
1441,Ethan Davis,Female,24,Mumbai,2024-07-26 19:32:05.214492
1442,Emma Jones,Male,58,Delhi,2024-05-11 19:32:05.214496
1443,Emma Miller,Female,42,Kolkata,2023-08-11 19:32:05.214499
1444,Liam Jones,Female,53,Chennai,2025-01-26 19:32:05.214504
1445,Isabella Jones,Female,46,Surat,2024-07-16 19:32:05.214507
1446,John Davis,Male,43,Kolkata,2025-10-08 19:32:05.214512
1447,Liam Miller,Female,21,Lucknow,2026-01-30 19:32:05.214515
1448,John Jones,Female,22,Lucknow,2025-12-25 19:32:05.214517
1449,Sophia Smith,Female,55,Pune,2025-08-14 19:32:05.214519
1450,Isabella Davis,Male,44,Mumbai,2025-09-10 19:32:05.214521
1451,Olivia Smith,Male,27,Chennai,2024-05-21 19:32:05.214523
1452,Olivia Davis,Male,47,Mumbai,2025-04-19 19:32:05.214526
1453,Isabella Martinez,Female,36,Hyderabad,2024-06-07 19:32:05.214528
1454,Liam Martinez,Male,37,Chennai,2024-07-03 19:32:05.214530
1455,John Brown,Male,23,Chennai,2024-06-23 19:32:05.214532
1456,Isabella Johnson,Female,50,Mumbai,2023-10-30 19:32:05.214534
1457,John Davis,Female,55,Kolkata,2023-09-07 19:32:05.214536
1458,Sophia Brown,Male,23,Chennai,2025-04-24 19:32:05.214539
1459,Ava Miller,Male,25,Delhi,2025-07-21 19:32:05.214541
1460,Sophia Johnson,Female,21,Delhi,2024-06-24 19:32:05.214543
1461,Sophia Martinez,Male,20,Hyderabad,2024-08-21 19:32:05.214545
1462,Olivia Garcia,Male,42,Hyderabad,2025-06-13 19:32:05.214547
1463,Emma Brown,Male,32,Delhi,2024-03-21 19:32:05.214550
1464,Sophia Miller,Male,44,Kolkata,2025-06-14 19:32:05.214555
1465,Liam Smith,Male,50,Lucknow,2024-10-19 19:32:05.214559
1466,Emma Williams,Male,19,Kolkata,2023-12-03 19:32:05.214564
1467,Sophia Martinez,Male,58,Surat,2024-03-22 19:32:05.214568
1468,Noah Davis,Female,44,Jaipur,2024-01-29 19:32:05.214573
1469,Mason Brown,Male,24,Jaipur,2023-08-30 19:32:05.214578
1470,Liam Johnson,Male,59,Chennai,2024-04-20 19:32:05.214582
1471,Ethan Davis,Male,20,Mumbai,2023-11-19 19:32:05.214587
1472,Mason Miller,Female,32,Surat,2026-01-22 19:32:05.214592
1473,Mason Williams,Male,48,Delhi,2024-10-22 19:32:05.214598
1474,Mason Williams,Male,45,Surat,2025-01-25 19:32:05.214602
1475,Ava Johnson,Male,50,Lucknow,2025-04-13 19:32:05.214607
1476,Noah Martinez,Female,49,Pune,2025-06-15 19:32:05.214612
1477,Mason Taylor,Male,35,Bangalore,2023-10-20 19:32:05.214617
1478,Ava Johnson,Female,32,Surat,2026-02-05 19:32:05.214622
1479,Ava Garcia,Male,41,Lucknow,2024-08-28 19:32:05.214627
1480,Noah Davis,Female,29,Jaipur,2025-07-28 19:32:05.214631
1481,Liam Martinez,Male,38,Pune,2025-05-12 19:32:05.214636
1482,Ava Miller,Male,50,Pune,2024-12-23 19:32:05.214641
1483,Emma Jones,Male,32,Mumbai,2024-03-27 19:32:05.214645
1484,Sophia Brown,Female,21,Hyderabad,2025-10-29 19:32:05.214650
1485,Mason Jones,Male,52,Chennai,2025-10-13 19:32:05.214655
1486,Liam Brown,Male,43,Surat,2025-12-28 19:32:05.214660
1487,Sophia Taylor,Female,58,Pune,2023-10-12 19:32:05.214664
1488,John Garcia,Male,46,Delhi,2026-02-01 19:32:05.214669
1489,Emma Miller,Female,46,Surat,2025-10-04 19:32:05.214674
1490,Mason Garcia,Male,58,Delhi,2024-11-09 19:32:05.214679
1491,Liam Williams,Male,26,Delhi,2025-11-30 19:32:05.214684
1492,Isabella Martinez,Female,34,Mumbai,2025-04-24 19:32:05.214689
1493,Mason Taylor,Male,59,Pune,2023-08-11 19:32:05.214694
1494,Ava Taylor,Female,33,Bangalore,2023-09-26 19:32:05.214698
1495,Ava Martinez,Male,32,Surat,2025-01-20 19:32:05.214703
1496,Mason Smith,Male,26,Pune,2025-11-03 19:32:05.214708
1497,Ava Smith,Male,48,Bangalore,2024-01-15 19:32:05.214713
1498,Ava Smith,Female,44,Delhi,2023-08-29 19:32:05.214717
1499,Mason Taylor,Female,33,Bangalore,2025-01-28 19:32:05.214722
1500,Ethan Miller,Female,26,Pune,2025-06-29 19:32:05.214727
